merchant_id,business_age_months,qris_volume_monthly,qris_active_days,ecommerce_rating,pln_delay_days,pdam_bill_avg,pdam_late_payments,risk_level,ecommerce_rating_isna,business_category_fnb,business_category_jasa,business_category_nan,business_category_retail,volume_per_active_day,pln_delay_ratio,volume_to_age_ratio,chronic_pln_delay
UMKM-00002,105,2443717,13,2.3,0.0,442144.0,0.0,0,0,0,0,0,1,174551.2142857143,0.0,23053.93396226415,0
UMKM-00004,54,32050824,3,1.4,0.0,216490.0,0.0,1,0,0,0,0,1,8012706.0,0.0,582742.2545454545,0
UMKM-00005,37,22888358,23,5.0,2.0,424048.0,0.0,0,0,0,1,0,0,953681.5833333334,0.05263157894736842,602325.2105263158,0
UMKM-00006,70,16329502,28,2.8,0.0,228157.0,4.0,1,1,0,0,1,0,563086.275862069,0.0,229992.98591549296,0
UMKM-00007,102,44148703,18,4.9,0.0,68768.0,0.0,0,0,1,0,0,0,2323615.947368421,0.0,428628.1844660194,0
UMKM-00008,94,9421928,5,4.8,0.0,231033.0,1.0,0,0,0,1,0,0,1570321.3333333333,0.0,99178.18947368421,0
UMKM-00012,114,2308507,0,2.0,2.0,137421.0,0.0,1,0,0,1,0,0,2308507.0,0.017391304347826087,20073.97391304348,0
UMKM-00013,31,21843837,4,3.8,2.0,242154.0,3.0,2,0,0,1,0,0,4368767.4,0.0625,682619.90625,0
UMKM-00014,66,10331795,26,2.1,2.0,319039.0,0.0,2,0,1,0,0,0,382659.0740740741,0.029850746268656716,154205.89552238805,0
UMKM-00015,100,49641341,15,2.8,2.0,231383.0,1.0,2,1,0,0,0,1,3102583.8125,0.019801980198019802,491498.42574257427,0
UMKM-00016,107,13382318,5,2.8,15.0,270566.0,1.0,2,0,0,0,0,1,2230386.3333333335,0.1388888888888889,123910.35185185185,1
UMKM-00018,25,1100734,12,1.8,30.0,121017.0,0.0,2,0,0,1,0,0,84671.84615384616,1.1538461538461537,42335.92307692308,1
UMKM-00020,3,20628490,18,1.2,0.0,71360.0,0.0,1,0,1,0,0,0,1085710.0,0.0,5157122.5,0
UMKM-00021,112,19003027,11,2.8,0.0,366991.0,1.0,0,1,0,0,0,1,1583585.5833333333,0.0,168168.38053097346,0
UMKM-00022,45,27312911,15,2.8,0.0,140365.0,2.0,1,1,1,0,0,0,1707056.9375,0.0,593758.9347826086,0
UMKM-00024,72,17002437,9,2.8,0.0,0.0,2.0,0,1,0,0,0,1,1700243.7,0.0,232910.09589041097,0
UMKM-00025,34,21606265,24,2.2,15.0,351075.0,0.0,2,0,0,0,0,0,864250.6,0.42857142857142855,617321.8571428572,1
UMKM-00026,35,12091989,19,1.5,0.0,105823.0,3.0,0,0,1,0,0,0,604599.45,0.0,335888.5833333333,0
UMKM-00027,80,13681730,30,4.8,5.0,350176.0,1.0,0,0,0,0,1,0,441346.12903225806,0.06172839506172839,168910.24691358025,0
UMKM-00028,5,41819838,3,4.1,0.0,296991.0,0.0,0,0,1,0,0,0,10454959.5,0.0,6969973.0,0
UMKM-00031,40,5755469,1,2.8,0.0,454983.0,3.0,2,1,0,0,0,0,2877734.5,0.0,140377.29268292684,0
UMKM-00032,95,16053770,21,3.9,5.0,189143.0,0.0,0,0,1,0,0,0,729716.8181818182,0.052083333333333336,167226.77083333334,0
UMKM-00034,84,42528843,7,2.4,5.0,207221.0,0.0,0,0,1,0,0,0,5316105.375,0.058823529411764705,500339.3294117647,0
UMKM-00035,104,15150540,6,2.8,2.0,65540.0,0.0,0,1,0,1,0,0,2164362.8571428573,0.01904761904761905,144290.85714285713,0
UMKM-00036,30,46221400,13,2.8,2.0,282284.0,1.0,0,1,0,0,0,1,3301528.5714285714,0.06451612903225806,1491012.9032258065,0
UMKM-00037,48,28346162,2,2.2,5.0,120248.0,1.0,1,0,0,0,0,0,9448720.666666666,0.10204081632653061,578493.1020408163,0
UMKM-00038,81,2992825,15,1.4,0.0,302515.0,2.0,1,0,0,1,0,0,187051.5625,0.0,36497.865853658535,0
UMKM-00039,51,4832978,18,2.8,0.0,272809.0,0.0,2,0,1,0,0,0,254367.26315789475,0.0,92941.88461538461,0
UMKM-00041,57,7152941,15,4.8,0.0,299643.0,0.0,0,0,0,0,0,0,447058.8125,0.0,123326.56896551725,0
UMKM-00042,48,38670243,7,3.4,0.0,135435.0,0.0,0,0,1,0,0,0,4833780.375,0.0,789188.6326530612,0
UMKM-00044,109,44992967,11,4.3,0.0,333126.0,0.0,0,0,0,0,0,0,3749413.9166666665,0.0,409026.9727272727,0
UMKM-00045,34,37286070,10,1.7,0.0,300768.0,0.0,0,0,0,0,1,0,3389642.727272727,0.0,1065316.2857142857,0
UMKM-00046,9,11556086,4,2.9,0.0,72606.0,0.0,1,0,0,0,0,1,2311217.2,0.0,1155608.6,0
UMKM-00047,15,24289643,26,2.8,0.0,308632.0,1.0,0,1,1,0,0,0,899616.4074074074,0.0,1518102.6875,0
UMKM-00048,41,37458065,11,3.7,2.0,453366.0,0.0,1,0,0,0,0,1,3121505.4166666665,0.047619047619047616,891858.6904761905,0
UMKM-00049,67,23489029,16,4.8,15.0,298495.0,0.0,0,0,0,1,0,0,1381707.5882352942,0.22058823529411764,345426.89705882355,1
UMKM-00050,47,2940369,5,2.8,0.0,283867.0,1.0,0,1,0,1,0,0,490061.5,0.0,61257.6875,0
UMKM-00052,68,18994276,4,3.5,0.0,96936.0,1.0,1,0,1,0,0,0,3798855.2,0.0,275279.3623188406,0
UMKM-00053,46,49226615,27,2.8,2.0,143286.0,0.0,1,1,0,0,0,1,1758093.392857143,0.0425531914893617,1047374.7872340425,0
UMKM-00054,51,26955176,13,2.6,0.0,451809.0,0.0,0,0,1,0,0,0,1925369.7142857143,0.0,518368.76923076925,0
UMKM-00055,111,39233146,4,2.4,0.0,460574.0,0.0,1,0,0,1,0,0,7846629.2,0.0,350295.9464285714,0
UMKM-00058,29,36876898,18,1.1,0.0,340218.0,3.0,1,0,0,0,0,1,1940889.3684210526,0.0,1229229.9333333333,0
UMKM-00059,57,8778748,21,3.3,30.0,463811.0,0.0,1,0,0,0,0,1,399034.0,0.5172413793103449,151357.72413793104,1
UMKM-00060,110,42654364,4,2.8,0.0,94194.0,0.0,1,1,0,0,1,0,8530872.8,0.0,384273.5495495495,0
UMKM-00061,19,2946830,1,4.5,5.0,230449.0,2.0,1,0,0,0,0,1,1473415.0,0.25,147341.5,0
UMKM-00062,84,33997728,29,3.1,0.0,338997.0,0.0,0,0,0,0,0,1,1133257.6,0.0,399973.2705882353,0
UMKM-00064,32,10957168,3,2.6,5.0,201733.0,0.0,1,0,0,0,1,0,2739292.0,0.15151515151515152,332035.3939393939,0
UMKM-00066,1,33880340,12,2.8,2.0,168724.0,0.0,1,1,0,0,1,0,2606180.0,1.0,16940170.0,0
UMKM-00067,76,37159646,19,2.8,0.0,287777.0,0.0,2,1,0,0,0,1,1857982.3,0.0,482592.8051948052,0
UMKM-00068,85,42478073,6,2.0,30.0,217567.0,3.0,2,0,0,1,0,0,6068296.142857143,0.3488372093023256,493931.0813953488,1
UMKM-00069,28,36783612,14,4.1,30.0,63703.0,1.0,1,0,0,1,0,0,2452240.8,1.0344827586206897,1268400.4137931035,1
UMKM-00070,85,11717207,22,1.4,0.0,496296.0,1.0,0,0,0,0,0,0,509443.7826086957,0.0,136246.59302325582,0
UMKM-00071,11,16540627,13,1.3,0.0,474031.0,2.0,0,0,0,1,0,0,1181473.357142857,0.0,1378385.5833333333,0
UMKM-00072,37,17169764,22,2.4,0.0,472781.0,1.0,0,0,0,0,0,1,746511.4782608695,0.0,451835.8947368421,0
UMKM-00073,53,10384451,18,1.4,5.0,429635.0,0.0,0,0,1,0,0,0,546550.052631579,0.09259259259259259,192304.64814814815,0
UMKM-00074,102,5188891,28,3.3,0.0,108453.0,1.0,0,0,0,0,0,1,178927.27586206896,0.0,50377.58252427184,0
UMKM-00075,117,10014653,19,1.9,0.0,138478.0,0.0,0,0,0,1,0,0,500732.65,0.0,84869.94067796611,0
UMKM-00076,45,15064147,28,4.6,0.0,345305.0,2.0,0,0,0,0,1,0,519453.3448275862,0.0,327481.45652173914,0
UMKM-00077,48,21808635,23,4.1,0.0,237063.0,0.0,0,0,0,0,0,0,908693.125,0.0,445074.1836734694,0
UMKM-00078,18,39049943,17,3.8,5.0,426440.0,0.0,0,0,0,0,0,0,2169441.277777778,0.2631578947368421,2055260.1578947369,0
UMKM-00079,19,33884400,9,3.5,0.0,288411.0,0.0,0,0,1,0,0,0,3388440.0,0.0,1694220.0,0
UMKM-00081,46,43663528,7,1.9,0.0,345493.0,0.0,0,0,0,1,0,0,5457941.0,0.0,929011.2340425532,0
UMKM-00082,64,5790691,25,4.5,0.0,97098.0,3.0,1,0,0,0,0,0,222718.88461538462,0.0,89087.55384615385,0
UMKM-00083,111,28950196,28,4.2,2.0,420579.0,0.0,0,0,0,1,0,0,998282.6206896552,0.017857142857142856,258483.89285714287,0
UMKM-00084,82,22003105,9,4.0,0.0,443348.0,0.0,0,0,1,0,0,0,2200310.5,0.0,265097.6506024096,0
UMKM-00085,27,10852415,16,3.2,5.0,101990.0,2.0,0,0,0,1,0,0,638377.3529411765,0.17857142857142858,387586.25,0
UMKM-00086,43,18066318,1,2.0,0.0,381065.0,3.0,1,0,0,1,0,0,9033159.0,0.0,410598.13636363635,0
UMKM-00087,23,44279777,5,2.7,0.0,217610.0,1.0,1,0,1,0,0,0,7379962.833333333,0.0,1844990.7083333333,0
UMKM-00088,57,49115625,4,4.2,30.0,150572.0,1.0,1,0,1,0,0,0,9823125.0,0.5172413793103449,846821.1206896552,1
UMKM-00089,101,34321714,27,1.1,0.0,286981.0,1.0,0,0,0,1,0,0,1225775.5,0.0,336487.39215686277,0
UMKM-00091,20,27256629,4,2.0,30.0,174693.0,1.0,2,0,1,0,0,0,5451325.8,1.4285714285714286,1297934.7142857143,1
UMKM-00092,22,33371979,17,1.6,15.0,225295.0,1.0,2,0,1,0,0,0,1853998.8333333333,0.6521739130434783,1450955.608695652,1
UMKM-00093,108,38998210,25,1.5,0.0,403799.0,0.0,0,0,0,0,0,1,1499931.1538461538,0.0,357781.74311926606,0
UMKM-00094,79,29175911,19,1.1,0.0,311498.0,0.0,0,0,0,0,1,0,1458795.55,0.0,364698.8875,0
UMKM-00096,65,7086368,26,1.9,0.0,118274.0,4.0,1,0,0,0,1,0,262458.0740740741,0.0,107369.21212121213,0
UMKM-00097,75,29207970,11,5.0,0.0,419997.0,3.0,0,0,0,0,0,0,2433997.5,0.0,384315.3947368421,0
UMKM-00098,78,45561177,6,3.3,2.0,0.0,0.0,0,0,0,1,0,0,6508739.571428572,0.02531645569620253,576723.7594936709,0
UMKM-00099,99,12950831,2,1.6,2.0,403572.0,1.0,0,0,0,0,0,0,4316943.666666667,0.02,129508.31,0
UMKM-00100,43,35812381,9,3.8,0.0,89601.0,2.0,0,0,0,1,0,0,3581238.1,0.0,813917.75,0
UMKM-00102,112,33386345,24,2.8,0.0,327834.0,1.0,0,1,1,0,0,0,1335453.8,0.0,295454.38053097343,0
UMKM-00104,86,12360589,15,4.6,0.0,403383.0,0.0,0,0,0,1,0,0,772536.8125,0.0,142075.7356321839,0
UMKM-00105,57,40092598,1,4.2,0.0,392176.0,3.0,0,0,0,1,0,0,20046299.0,0.0,691251.6896551724,0
UMKM-00106,55,30124900,23,1.6,2.0,62062.0,0.0,0,0,0,0,0,1,1255204.1666666667,0.03571428571428571,537944.6428571428,0
UMKM-00107,98,46677380,9,1.2,5.0,387530.0,3.0,1,0,1,0,0,0,4667738.0,0.050505050505050504,471488.68686868687,0
UMKM-00109,65,34942508,21,1.6,2.0,215803.0,2.0,1,0,0,0,0,1,1588295.8181818181,0.030303030303030304,529431.9393939395,0
UMKM-00113,88,6540070,26,3.3,0.0,378569.0,4.0,1,0,0,0,0,1,242224.8148148148,0.0,73483.93258426966,0
UMKM-00114,81,28364435,28,1.7,0.0,244672.0,1.0,1,0,1,0,0,0,978083.9655172414,0.0,345907.743902439,0
UMKM-00116,117,32241029,19,3.3,0.0,154470.0,1.0,0,0,0,0,0,1,1612051.45,0.0,273229.0593220339,0
UMKM-00117,50,2960826,26,4.0,2.0,209277.0,0.0,0,0,0,0,1,0,109660.22222222222,0.0392156862745098,58055.41176470588,0
UMKM-00119,56,37167707,19,2.1,0.0,393686.0,0.0,0,0,0,1,0,0,1858385.35,0.0,652065.0350877193,0
UMKM-00121,24,3090212,18,1.1,0.0,361256.0,1.0,1,0,0,0,1,0,162642.73684210525,0.0,123608.48,0
UMKM-00122,23,39785284,19,3.7,0.0,192012.0,1.0,0,0,0,0,1,0,1989264.2,0.0,1657720.1666666667,0
UMKM-00124,39,34707431,1,2.7,0.0,257866.0,0.0,2,0,0,1,0,0,17353715.5,0.0,867685.775,0
UMKM-00125,87,22320139,29,3.4,2.0,336629.0,4.0,1,0,1,0,0,0,744004.6333333333,0.022727272727272728,253637.94318181818,0
UMKM-00127,10,26919139,21,2.2,30.0,417728.0,4.0,2,0,0,0,0,1,1223597.2272727273,2.727272727272727,2447194.4545454546,1
UMKM-00128,34,5600108,2,2.0,2.0,444283.0,0.0,1,0,0,0,0,1,1866702.6666666667,0.05714285714285714,160003.08571428573,0
UMKM-00129,13,12393942,5,3.6,0.0,332751.0,0.0,0,0,0,1,0,0,2065657.0,0.0,885281.5714285715,0
UMKM-00130,12,3854190,14,3.5,0.0,290491.0,3.0,1,0,0,1,0,0,256946.0,0.0,296476.1538461539,0
UMKM-00132,72,8196042,9,4.7,5.0,307808.0,0.0,0,0,0,1,0,0,819604.2,0.0684931506849315,112274.54794520549,0
UMKM-00133,109,38407753,8,2.8,0.0,386698.0,0.0,0,1,1,0,0,0,4267528.111111111,0.0,349161.39090909093,0
UMKM-00135,108,20432053,31,2.0,0.0,293554.0,0.0,0,0,1,0,0,0,638501.65625,0.0,187450.0275229358,0
UMKM-00136,60,12872847,5,2.8,15.0,327331.0,1.0,1,1,0,0,1,0,2145474.5,0.2459016393442623,211030.2786885246,1
UMKM-00139,107,39131465,1,3.8,0.0,224124.0,0.0,0,0,0,0,0,1,19565732.5,0.0,362328.3796296296,0
UMKM-00140,108,4257181,28,3.6,0.0,0.0,0.0,0,0,0,0,0,1,146799.3448275862,0.0,39056.706422018346,0
UMKM-00141,88,23039912,3,2.8,0.0,228394.0,1.0,1,1,0,0,1,0,5759978.0,0.0,258875.4157303371,0
UMKM-00142,32,39708480,0,2.8,0.0,242317.0,2.0,1,1,0,1,0,0,39708480.0,0.0,1203287.2727272727,0
UMKM-00143,45,42916167,18,4.8,0.0,0.0,0.0,0,0,0,0,0,0,2258745.6315789474,0.0,932960.1521739131,0
UMKM-00144,57,34371818,25,1.2,0.0,330752.0,0.0,0,0,0,1,0,0,1321993.0,0.0,592617.551724138,0
UMKM-00147,2,11856760,14,4.6,0.0,302773.0,0.0,0,0,0,0,0,0,790450.6666666666,0.0,3952253.3333333335,0
UMKM-00148,23,47350911,21,4.8,2.0,329365.0,0.0,0,0,0,0,0,0,2152314.1363636362,0.08333333333333333,1972954.625,0
UMKM-00149,49,49830419,20,2.8,2.0,360650.0,1.0,0,0,0,0,0,1,2372877.095238095,0.04,996608.38,0
UMKM-00150,97,19720027,21,4.0,0.0,333112.0,1.0,0,0,0,0,0,0,896364.8636363636,0.0,201224.76530612246,0
UMKM-00153,4,33446436,29,2.8,0.0,0.0,1.0,1,1,0,0,0,1,1114881.2,0.0,6689287.2,0
UMKM-00154,68,10714891,24,1.9,5.0,230580.0,4.0,1,0,0,1,0,0,428595.64,0.07246376811594203,155288.27536231885,0
UMKM-00156,104,3320688,27,3.2,0.0,222903.0,2.0,2,0,0,0,0,1,118596.0,0.0,31625.6,0
UMKM-00157,28,2805808,0,1.1,2.0,486149.0,1.0,1,0,1,0,0,0,2805808.0,0.06896551724137931,96752.0,0
UMKM-00159,91,38774891,3,1.6,0.0,229412.0,3.0,1,0,0,0,1,0,9693722.75,0.0,421466.20652173914,0
UMKM-00160,81,39090551,6,2.8,30.0,152951.0,0.0,2,1,0,1,0,0,5584364.428571428,0.36585365853658536,476714.03658536583,1
UMKM-00161,49,32049883,8,3.1,0.0,420450.0,0.0,0,0,0,0,0,1,3561098.111111111,0.0,640997.66,0
UMKM-00163,26,39209230,18,1.4,15.0,257028.0,0.0,2,0,0,0,0,0,2063643.6842105263,0.5555555555555556,1452193.7037037036,1
UMKM-00164,44,49383877,0,2.3,0.0,122178.0,0.0,0,0,0,0,0,1,49383877.0,0.0,1097419.4888888889,0
UMKM-00165,1,12666027,9,4.9,0.0,266383.0,2.0,0,0,1,0,0,0,1266602.7,0.0,6333013.5,0
UMKM-00167,2,11929084,8,2.3,2.0,486526.0,1.0,1,0,0,0,1,0,1325453.7777777778,0.6666666666666666,3976361.3333333335,0
UMKM-00170,113,10955661,31,2.9,0.0,360511.0,3.0,1,0,1,0,0,0,342364.40625,0.0,96102.28947368421,0
UMKM-00171,61,44859585,31,2.5,0.0,325345.0,2.0,1,0,1,0,0,0,1401862.03125,0.0,723541.6935483871,0
UMKM-00172,82,21709657,5,2.3,0.0,445955.0,0.0,0,0,1,0,0,0,3618276.1666666665,0.0,261562.1325301205,0
UMKM-00174,53,26560098,16,1.4,2.0,306682.0,0.0,0,0,1,0,0,0,1562358.705882353,0.037037037037037035,491853.6666666667,0
UMKM-00175,119,35941412,9,2.3,2.0,288886.0,2.0,1,0,0,1,0,0,3594141.2,0.016666666666666666,299511.76666666666,0
UMKM-00176,66,45799034,26,1.2,0.0,485711.0,0.0,0,0,1,0,0,0,1696260.5185185184,0.0,683567.671641791,0
UMKM-00178,115,42055392,20,2.6,0.0,475840.0,2.0,0,0,1,0,0,0,2002637.7142857143,0.0,362546.4827586207,0
UMKM-00179,105,32073264,24,2.8,0.0,191707.0,0.0,0,0,1,0,0,0,1282930.56,0.0,302577.96226415096,0
UMKM-00180,95,29113586,27,4.6,0.0,59964.0,3.0,0,0,0,0,0,1,1039770.9285714285,0.0,303266.5208333333,0
UMKM-00181,61,45336333,14,3.6,0.0,471001.0,0.0,2,0,0,1,0,0,3022422.2,0.0,731231.1774193548,0
UMKM-00182,45,4040267,3,1.0,0.0,276118.0,3.0,2,0,0,0,0,1,1010066.75,0.0,87831.89130434782,0
UMKM-00183,91,34149417,28,4.8,2.0,263869.0,0.0,0,0,1,0,0,0,1177566.103448276,0.021739130434782608,371189.3152173913,0
UMKM-00184,86,30008147,8,2.8,30.0,265862.0,1.0,2,1,1,0,0,0,3334238.5555555555,0.3448275862068966,344921.2298850575,1
UMKM-00185,105,10685684,26,1.4,2.0,0.0,0.0,0,0,1,0,0,0,395766.0740740741,0.018867924528301886,100808.3396226415,0
UMKM-00186,2,48876337,25,4.1,2.0,62336.0,2.0,0,0,1,0,0,0,1879859.1153846155,0.6666666666666666,16292112.333333334,0
UMKM-00187,28,22217066,18,3.0,0.0,389619.0,1.0,1,0,0,0,0,1,1169319.2631578948,0.0,766105.724137931,0
UMKM-00188,29,8536765,27,2.7,5.0,470628.0,0.0,0,0,0,0,1,0,304884.46428571426,0.16666666666666666,284558.8333333333,0
UMKM-00189,90,46658328,16,2.0,5.0,132212.0,1.0,2,0,0,0,0,1,2744607.529411765,0.054945054945054944,512728.8791208791,0
UMKM-00193,114,7935774,19,1.9,0.0,0.0,0.0,0,0,0,1,0,0,396788.7,0.0,69006.73043478261,0
UMKM-00197,62,46587883,22,3.9,0.0,374816.0,0.0,1,0,0,0,0,1,2025560.1304347827,0.0,739490.2063492064,0
UMKM-00198,110,5273445,31,3.8,5.0,339372.0,0.0,0,0,0,0,0,1,164795.15625,0.04504504504504504,47508.51351351351,0
UMKM-00200,48,34134205,4,1.9,0.0,134294.0,0.0,1,0,0,0,0,1,6826841.0,0.0,696616.4285714285,0
UMKM-00204,49,10963441,10,2.8,0.0,381080.0,2.0,1,0,0,0,0,1,996676.4545454546,0.0,219268.82,0
UMKM-00205,42,7689142,2,1.5,0.0,261979.0,2.0,1,0,1,0,0,0,2563047.3333333335,0.0,178817.2558139535,0
UMKM-00207,1,5990961,10,3.5,15.0,87310.0,1.0,2,0,0,0,0,1,544632.8181818182,7.5,2995480.5,1
UMKM-00208,68,4646804,15,2.8,5.0,151827.0,3.0,1,0,1,0,0,0,290425.25,0.07246376811594203,67344.98550724638,0
UMKM-00209,1,1647296,17,4.1,2.0,249899.0,0.0,0,0,0,0,1,0,91516.44444444444,1.0,823648.0,0
UMKM-00210,27,4122951,29,5.0,0.0,478472.0,0.0,0,0,1,0,0,0,137431.7,0.0,147248.25,0
UMKM-00211,17,27844511,9,1.8,0.0,257500.0,0.0,1,0,1,0,0,0,2784451.1,0.0,1546917.2777777778,0
UMKM-00212,79,1800101,17,2.8,0.0,0.0,0.0,1,0,0,0,0,1,100005.61111111111,0.0,22501.2625,0
UMKM-00214,106,44902446,18,2.2,0.0,363572.0,2.0,2,0,0,0,0,1,2363286.6315789474,0.0,419649.02803738316,0
UMKM-00216,13,23791342,12,1.3,0.0,480423.0,1.0,1,0,1,0,0,0,1830103.2307692308,0.0,1699381.5714285714,0
UMKM-00217,30,23015777,2,4.5,5.0,100255.0,1.0,0,0,0,1,0,0,7671925.666666667,0.16129032258064516,742444.4193548387,0
UMKM-00218,23,24116992,9,2.7,0.0,417968.0,0.0,0,0,0,1,0,0,2411699.2,0.0,1004874.6666666666,0
UMKM-00220,76,43439798,0,4.7,0.0,317553.0,0.0,0,0,0,1,0,0,43439798.0,0.0,564153.2207792208,0
UMKM-00224,63,42971665,16,2.8,2.0,311084.0,2.0,1,1,1,0,0,0,2527745.0,0.03125,671432.265625,0
UMKM-00225,14,37387984,8,4.2,0.0,320013.0,0.0,0,0,0,1,0,0,4154220.4444444445,0.0,2492532.2666666666,0
UMKM-00226,5,12820569,5,3.9,0.0,237934.0,0.0,1,0,0,0,1,0,2136761.5,0.0,2136761.5,0
UMKM-00230,81,13431216,27,2.8,0.0,277402.0,0.0,0,1,0,0,0,0,479686.28571428574,0.0,163795.31707317074,0
UMKM-00233,14,9704813,8,1.3,0.0,76442.0,0.0,0,0,1,0,0,0,1078312.5555555555,0.0,646987.5333333333,0
UMKM-00235,31,30461504,20,2.8,2.0,304657.0,2.0,1,1,0,0,0,1,1450547.8095238095,0.0625,951922.0,0
UMKM-00236,32,15497054,1,4.8,2.0,337740.0,2.0,0,0,0,0,0,1,7748527.0,0.06060606060606061,469607.69696969696,0
UMKM-00243,110,14045697,14,1.9,30.0,208635.0,2.0,2,0,0,0,0,1,936379.8,0.2702702702702703,126537.81081081081,1
UMKM-00244,116,49120511,27,2.7,0.0,217442.0,1.0,0,0,0,1,0,0,1754303.9642857143,0.0,419833.4273504274,0
UMKM-00245,80,6742533,17,2.8,0.0,317206.0,2.0,0,1,0,0,0,1,374585.1666666667,0.0,83241.14814814815,0
UMKM-00247,18,37181576,21,3.9,0.0,434903.0,1.0,0,0,1,0,0,0,1690071.6363636365,0.0,1956925.0526315789,0
UMKM-00248,75,31338208,10,4.8,0.0,319388.0,1.0,0,0,0,1,0,0,2848928.0,0.0,412344.84210526315,0
UMKM-00249,68,3825896,12,2.8,2.0,449588.0,2.0,0,1,0,0,0,1,294299.6923076923,0.028985507246376812,55447.76811594203,0
UMKM-00250,24,39491224,3,2.3,0.0,286481.0,0.0,2,0,1,0,0,0,9872806.0,0.0,1579648.96,0
UMKM-00251,114,49870063,21,2.0,0.0,0.0,0.0,0,0,0,1,0,0,2266821.0454545454,0.0,433652.72173913044,0
UMKM-00252,53,11427148,6,2.8,0.0,0.0,1.0,0,1,0,0,0,1,1632449.7142857143,0.0,211613.85185185185,0
UMKM-00254,81,20397196,23,3.3,0.0,245543.0,0.0,1,0,0,1,0,0,849883.1666666666,0.0,248746.29268292684,0
UMKM-00255,90,32935646,3,1.0,0.0,291605.0,4.0,2,0,0,0,0,1,8233911.5,0.0,361930.1758241758,0
UMKM-00256,75,18498600,27,1.2,0.0,329100.0,0.0,0,0,1,0,0,0,660664.2857142857,0.0,243402.63157894736,0
UMKM-00257,108,16099203,14,2.8,0.0,483689.0,0.0,0,1,0,0,0,0,1073280.2,0.0,147699.11009174312,0
UMKM-00258,109,43462817,0,3.3,0.0,457110.0,0.0,0,0,1,0,0,0,43462817.0,0.0,395116.5181818182,0
UMKM-00259,75,17320131,2,4.0,15.0,250658.0,1.0,0,0,0,0,0,0,5773377.0,0.19736842105263158,227896.4605263158,1
UMKM-00260,8,49719461,13,1.5,5.0,66709.0,0.0,1,0,1,0,0,0,3551390.0714285714,0.5555555555555556,5524384.555555556,0
UMKM-00262,34,48119813,0,2.8,30.0,430572.0,0.0,2,1,1,0,0,0,48119813.0,0.8571428571428571,1374851.8,1
UMKM-00265,19,5031464,20,1.7,2.0,414225.0,0.0,0,0,0,0,0,0,239593.52380952382,0.1,251573.2,0
UMKM-00266,97,21167958,28,1.9,0.0,219746.0,4.0,0,0,0,0,0,1,729929.5862068966,0.0,215999.57142857142,0
UMKM-00267,67,41912236,4,2.3,5.0,150025.0,0.0,1,0,1,0,0,0,8382447.2,0.07352941176470588,616356.4117647059,0
UMKM-00268,112,23910282,9,2.0,2.0,460949.0,0.0,0,0,0,0,0,1,2391028.2,0.017699115044247787,211595.41592920353,0
UMKM-00269,16,3887296,27,2.8,0.0,201152.0,0.0,1,1,1,0,0,0,138832.0,0.0,228664.4705882353,0
UMKM-00270,101,47531927,20,1.4,2.0,234484.0,0.0,0,0,0,0,0,1,2263425.095238095,0.0196078431372549,465999.2843137255,0
UMKM-00271,104,37291014,6,1.8,0.0,436620.0,0.0,0,0,0,0,0,1,5327287.714285715,0.0,355152.5142857143,0
UMKM-00274,52,23371392,19,2.1,0.0,371990.0,1.0,2,0,0,1,0,0,1168569.6,0.0,440969.6603773585,0
UMKM-00275,23,31436427,18,2.1,5.0,115480.0,1.0,0,0,1,0,0,0,1654548.7894736843,0.20833333333333334,1309851.125,0
UMKM-00277,92,24827142,3,2.8,2.0,365104.0,0.0,1,1,1,0,0,0,6206785.5,0.021505376344086023,266958.51612903224,0
UMKM-00278,81,5032654,4,4.5,15.0,284622.0,3.0,2,0,1,0,0,0,1006530.8,0.18292682926829268,61373.829268292684,1
UMKM-00279,31,35218900,0,4.0,2.0,484368.0,4.0,1,0,0,0,0,1,35218900.0,0.0625,1100590.625,0
UMKM-00280,69,24277458,3,3.9,0.0,470466.0,0.0,1,0,0,1,0,0,6069364.5,0.0,346820.82857142854,0
UMKM-00281,64,7978140,11,2.9,0.0,397909.0,2.0,2,0,0,0,0,1,664845.0,0.0,122740.61538461539,0
UMKM-00282,12,49076248,26,3.8,0.0,167265.0,1.0,0,0,0,0,0,1,1817638.8148148148,0.0,3775096.0,0
UMKM-00284,36,14611312,22,1.9,0.0,0.0,0.0,0,0,1,0,0,0,635274.4347826086,0.0,394900.3243243243,0
UMKM-00285,94,30718818,24,1.8,0.0,168922.0,0.0,0,0,0,0,0,1,1228752.72,0.0,323355.9789473684,0
UMKM-00286,35,37591531,20,2.2,0.0,171280.0,1.0,0,0,0,1,0,0,1790072.9047619049,0.0,1044209.1944444445,0
UMKM-00287,32,46938649,23,4.6,0.0,489628.0,2.0,0,0,1,0,0,0,1955777.0416666667,0.0,1422383.303030303,0
UMKM-00288,28,39382858,24,2.8,5.0,356020.0,2.0,2,1,0,0,0,1,1575314.32,0.1724137931034483,1358029.5862068965,0
UMKM-00290,31,9379341,31,2.8,0.0,254736.0,3.0,1,1,1,0,0,0,293104.40625,0.0,293104.40625,0
UMKM-00291,19,44445065,31,2.6,2.0,362371.0,0.0,0,0,0,0,0,1,1388908.28125,0.1,2222253.25,0
UMKM-00292,96,41133569,4,1.5,0.0,213522.0,0.0,1,0,1,0,0,0,8226713.8,0.0,424057.41237113404,0
UMKM-00297,100,18002265,15,2.8,0.0,374058.0,3.0,2,1,0,0,0,1,1125141.5625,0.0,178240.24752475249,0
UMKM-00299,79,15677441,20,2.8,5.0,391430.0,0.0,1,1,1,0,0,0,746544.8095238095,0.0625,195968.0125,0
UMKM-00300,21,45804549,8,2.4,0.0,111293.0,1.0,0,0,0,0,0,0,5089394.333333333,0.0,2082024.9545454546,0
UMKM-00301,51,35301851,5,2.3,30.0,263596.0,1.0,1,0,0,0,0,1,5883641.833333333,0.5769230769230769,678881.75,1
UMKM-00305,34,36935364,21,3.6,0.0,218756.0,0.0,0,0,1,0,0,0,1678880.1818181819,0.0,1055296.1142857142,0
UMKM-00307,6,48239471,4,4.2,0.0,214437.0,0.0,0,0,0,0,0,1,9647894.2,0.0,6891353.0,0
UMKM-00309,115,11104107,22,3.2,0.0,466920.0,0.0,0,0,0,1,0,0,482787.26086956525,0.0,95725.06034482758,0
UMKM-00310,47,35125539,16,1.4,0.0,238929.0,0.0,0,0,1,0,0,0,2066208.1764705882,0.0,731782.0625,0
UMKM-00311,65,17064554,11,1.2,0.0,186694.0,0.0,0,0,1,0,0,0,1422046.1666666667,0.0,258553.84848484848,0
UMKM-00312,4,11905942,22,2.8,0.0,395941.0,0.0,1,1,1,0,0,0,517649.652173913,0.0,2381188.4,0
UMKM-00313,39,3086213,15,3.1,15.0,291540.0,2.0,2,0,0,0,0,0,192888.3125,0.375,77155.325,1
UMKM-00314,11,11302330,2,1.3,0.0,141141.0,1.0,1,0,0,0,1,0,3767443.3333333335,0.0,941860.8333333334,0
UMKM-00315,20,25091050,29,1.1,0.0,296476.0,2.0,1,0,0,0,0,1,836368.3333333334,0.0,1194811.9047619049,0
UMKM-00316,79,12199468,21,2.8,30.0,414534.0,0.0,2,1,0,0,1,0,554521.2727272727,0.375,152493.35,1
UMKM-00317,86,43491924,8,2.8,0.0,409000.0,0.0,0,1,1,0,0,0,4832436.0,0.0,499907.1724137931,0
UMKM-00318,56,36553686,28,2.8,0.0,378345.0,0.0,0,0,0,1,0,0,1260471.9310344828,0.0,641292.7368421053,0
UMKM-00320,40,33482294,22,1.5,2.0,401910.0,2.0,1,0,1,0,0,0,1455751.9130434783,0.04878048780487805,816641.3170731707,0
UMKM-00321,58,27153295,12,1.7,0.0,72995.0,0.0,0,0,0,0,0,1,2088715.0,0.0,460225.33898305084,0
UMKM-00323,118,38710964,22,4.0,2.0,130141.0,0.0,0,0,1,0,0,0,1683085.391304348,0.01680672268907563,325302.218487395,0
UMKM-00325,101,7592910,16,3.6,2.0,491168.0,3.0,0,0,1,0,0,0,446641.76470588235,0.0196078431372549,74440.29411764706,0
UMKM-00327,45,23160074,20,4.1,0.0,120799.0,1.0,0,0,1,0,0,0,1102860.6666666667,0.0,503479.8695652174,0
UMKM-00328,47,22794866,1,2.7,15.0,229949.0,4.0,1,0,0,1,0,0,11397433.0,0.3125,474893.0416666667,1
UMKM-00330,109,45810380,5,3.5,2.0,280739.0,0.0,0,0,0,0,0,0,7635063.333333333,0.01818181818181818,416458.0,0
UMKM-00332,23,31315282,17,3.0,2.0,84523.0,2.0,0,0,0,1,0,0,1739737.888888889,0.08333333333333333,1304803.4166666667,0
UMKM-00333,15,33945953,29,3.6,0.0,247127.0,2.0,0,0,0,0,1,0,1131531.7666666666,0.0,2121622.0625,0
UMKM-00334,5,44300173,21,1.1,0.0,366759.0,0.0,0,0,0,1,0,0,2013644.2272727273,0.0,7383362.166666667,0
UMKM-00336,5,35259907,29,2.1,5.0,97456.0,0.0,1,0,1,0,0,0,1175330.2333333334,0.8333333333333334,5876651.166666667,0
UMKM-00337,30,30105135,16,1.5,15.0,57233.0,0.0,2,0,1,0,0,0,1770890.294117647,0.4838709677419355,971133.3870967742,1
UMKM-00339,53,16560243,31,3.4,0.0,116133.0,0.0,0,0,0,1,0,0,517507.59375,0.0,306671.1666666667,0
UMKM-00341,98,34203868,13,2.0,0.0,422689.0,0.0,0,0,0,1,0,0,2443133.4285714286,0.0,345493.61616161617,0
UMKM-00342,93,27417902,9,2.9,0.0,154085.0,1.0,0,0,0,0,0,0,2741790.2,0.0,291679.8085106383,0
UMKM-00345,49,13056199,8,3.6,0.0,158684.0,2.0,0,0,1,0,0,0,1450688.7777777778,0.0,261123.98,0
UMKM-00347,18,40858177,27,4.2,0.0,144937.0,1.0,0,0,1,0,0,0,1459220.607142857,0.0,2150430.3684210526,0
UMKM-00348,112,31060464,10,2.8,0.0,91548.0,0.0,0,1,0,1,0,0,2823678.5454545454,0.0,274871.3628318584,0
UMKM-00349,16,35253388,13,3.0,0.0,259272.0,0.0,0,0,1,0,0,0,2518099.1428571427,0.0,2073728.705882353,0
UMKM-00351,50,46844569,18,2.2,2.0,440989.0,0.0,0,0,0,1,0,0,2465503.6315789474,0.0392156862745098,918520.9607843137,0
UMKM-00352,27,30446493,14,1.4,0.0,163815.0,2.0,1,0,0,0,0,1,2029766.2,0.0,1087374.75,0
UMKM-00353,116,40833034,27,4.9,0.0,270994.0,0.0,0,0,1,0,0,0,1458322.642857143,0.0,349000.2905982906,0
UMKM-00354,30,40697758,23,1.5,0.0,177602.0,0.0,0,0,0,0,0,0,1695739.9166666667,0.0,1312830.9032258065,0
UMKM-00355,105,1175211,7,1.6,0.0,176270.0,0.0,0,0,0,0,1,0,146901.375,0.0,11086.896226415094,0
UMKM-00357,77,13481574,8,4.8,0.0,469421.0,0.0,0,0,0,0,1,0,1497952.6666666667,0.0,172840.6923076923,0
UMKM-00360,101,21668329,18,1.0,0.0,71182.0,0.0,1,0,1,0,0,0,1140438.3684210526,0.0,212434.5980392157,0
UMKM-00361,75,29186921,2,2.5,30.0,351517.0,2.0,2,0,0,0,0,1,9728973.666666666,0.39473684210526316,384038.4342105263,1
UMKM-00362,56,43098723,9,1.6,0.0,355163.0,2.0,0,0,0,0,1,0,4309872.3,0.0,756117.947368421,0
UMKM-00365,101,40159558,0,4.8,15.0,488748.0,0.0,1,0,0,0,0,1,40159558.0,0.14705882352941177,393721.1568627451,1
UMKM-00366,92,14952821,28,2.3,0.0,282362.0,2.0,1,0,1,0,0,0,515614.5172413793,0.0,160783.02150537635,0
UMKM-00368,20,47704300,12,3.6,0.0,331383.0,3.0,0,0,0,0,0,1,3669561.5384615385,0.0,2271633.3333333335,0
UMKM-00369,60,36009897,0,2.0,0.0,191488.0,2.0,1,0,0,0,0,1,36009897.0,0.0,590326.1803278689,0
UMKM-00371,67,12098252,28,2.8,0.0,394120.0,2.0,1,1,0,0,0,1,417181.1034482759,0.0,177915.4705882353,0
UMKM-00372,67,34766262,12,1.5,0.0,74406.0,1.0,0,0,0,0,0,1,2674327.846153846,0.0,511268.5588235294,0
UMKM-00373,34,29728437,28,3.8,0.0,314019.0,0.0,2,0,0,0,0,1,1025118.5172413794,0.0,849383.9142857143,0
UMKM-00376,83,39310408,25,1.7,2.0,259097.0,3.0,1,0,0,1,0,0,1511938.7692307692,0.023809523809523808,467981.04761904763,0
UMKM-00377,55,26687822,16,2.8,0.0,444569.0,0.0,0,1,0,0,0,1,1569871.8823529412,0.0,476568.25,0
UMKM-00378,37,7897673,6,2.6,30.0,208058.0,2.0,2,0,1,0,0,0,1128239.0,0.7894736842105263,207833.5,1
UMKM-00379,98,13448727,12,2.8,0.0,326835.0,2.0,1,1,0,0,1,0,1034517.4615384615,0.0,135845.72727272726,0
UMKM-00380,36,21523385,4,1.1,0.0,250919.0,0.0,1,0,1,0,0,0,4304677.0,0.0,581713.1081081082,0
UMKM-00381,19,7002296,25,3.5,0.0,360219.0,0.0,0,0,1,0,0,0,269319.07692307694,0.0,350114.8,0
UMKM-00382,33,41364615,2,4.2,0.0,60794.0,2.0,2,0,0,1,0,0,13788205.0,0.0,1216606.3235294118,0
UMKM-00383,29,19552983,6,4.4,0.0,249542.0,0.0,0,0,1,0,0,0,2793283.285714286,0.0,651766.1,0
UMKM-00385,108,42927728,0,4.1,2.0,388074.0,2.0,0,0,0,1,0,0,42927728.0,0.01834862385321101,393832.36697247706,0
UMKM-00386,95,11718361,16,2.8,0.0,296969.0,3.0,1,1,0,0,1,0,689315.3529411765,0.0,122066.26041666667,0
UMKM-00388,38,23271555,24,3.0,0.0,91708.0,2.0,0,0,0,0,1,0,930862.2,0.0,596706.5384615385,0
UMKM-00389,45,40432241,2,3.5,30.0,427636.0,0.0,2,0,0,0,0,1,13477413.666666666,0.6521739130434783,878961.7608695652,1
UMKM-00390,88,44440658,14,4.2,0.0,418773.0,0.0,0,0,0,1,0,0,2962710.533333333,0.0,499333.23595505615,0
UMKM-00391,96,32886947,28,2.6,0.0,464016.0,1.0,0,0,0,0,0,0,1134032.6551724137,0.0,339040.6907216495,0
UMKM-00393,6,49532681,31,3.4,0.0,173313.0,3.0,1,0,1,0,0,0,1547896.28125,0.0,7076097.285714285,0
UMKM-00394,13,8667857,25,1.7,0.0,481125.0,0.0,1,0,0,0,1,0,333379.1153846154,0.0,619132.6428571428,0
UMKM-00395,95,5428690,15,1.1,2.0,333496.0,0.0,1,0,0,0,1,0,339293.125,0.020833333333333332,56548.854166666664,0
UMKM-00396,38,39993865,24,2.8,0.0,414119.0,0.0,0,1,1,0,0,0,1599754.6,0.0,1025483.717948718,0
UMKM-00397,53,9889782,27,3.2,0.0,405992.0,4.0,1,0,1,0,0,0,353206.5,0.0,183144.11111111112,0
UMKM-00398,117,37436209,8,4.4,0.0,286668.0,0.0,0,0,0,0,0,1,4159578.777777778,0.0,317256.0084745763,0
UMKM-00399,43,4696176,0,2.8,15.0,458654.0,0.0,2,1,0,0,0,0,4696176.0,0.3409090909090909,106731.27272727272,1
UMKM-00400,55,11732002,28,4.2,0.0,357143.0,0.0,0,0,0,1,0,0,404551.7931034483,0.0,209500.0357142857,0
UMKM-00401,11,43454123,21,4.5,0.0,68482.0,2.0,1,0,0,0,0,1,1975187.4090909092,0.0,3621176.9166666665,0
UMKM-00402,68,15697697,15,1.6,2.0,213543.0,0.0,0,0,1,0,0,0,981106.0625,0.028985507246376812,227502.85507246378,0
UMKM-00406,41,29222101,6,4.1,2.0,426053.0,0.0,0,0,0,1,0,0,4174585.8571428573,0.047619047619047616,695764.3095238095,0
UMKM-00407,6,35418095,13,5.0,0.0,325170.0,0.0,0,0,1,0,0,0,2529863.9285714286,0.0,5059727.857142857,0
UMKM-00408,56,6783182,28,3.4,0.0,288697.0,0.0,1,0,0,0,1,0,233902.8275862069,0.0,119003.19298245614,0
UMKM-00409,74,14147590,18,2.2,0.0,397328.0,1.0,0,0,1,0,0,0,744610.0,0.0,188634.53333333333,0
UMKM-00410,82,30565896,18,4.4,5.0,55435.0,2.0,0,0,0,0,0,1,1608731.3684210526,0.060240963855421686,368263.8072289157,0
UMKM-00411,77,2206861,1,3.5,2.0,189565.0,1.0,0,0,0,0,0,1,1103430.5,0.02564102564102564,28293.089743589742,0
UMKM-00414,15,5936600,14,2.8,0.0,445979.0,0.0,0,1,1,0,0,0,395773.3333333333,0.0,371037.5,0
UMKM-00415,75,15648065,2,2.8,0.0,332533.0,2.0,1,1,0,0,0,1,5216021.666666667,0.0,205895.59210526315,0
UMKM-00416,81,39290751,10,2.8,0.0,81498.0,2.0,1,1,0,0,0,1,3571886.4545454546,0.0,479155.5,0
UMKM-00417,95,15160134,29,2.8,0.0,375899.0,3.0,1,1,0,0,1,0,505337.8,0.0,157918.0625,0
UMKM-00419,74,18034897,17,2.8,2.0,85825.0,1.0,0,0,0,0,0,1,1001938.7222222222,0.02666666666666667,240465.29333333333,0
UMKM-00420,64,23406697,1,1.2,5.0,329078.0,0.0,2,0,0,1,0,0,11703348.5,0.07692307692307693,360103.0307692308,0
UMKM-00421,66,28164021,31,2.8,0.0,55574.0,3.0,1,1,0,0,0,1,880125.65625,0.0,420358.5223880597,0
UMKM-00422,19,36609212,7,4.6,0.0,0.0,0.0,0,0,1,0,0,0,4576151.5,0.0,1830460.6,0
UMKM-00423,76,25768424,21,4.3,0.0,219251.0,0.0,0,0,0,0,0,1,1171292.0,0.0,334654.85714285716,0
UMKM-00424,83,22200624,5,1.5,0.0,0.0,0.0,0,0,0,1,0,0,3700104.0,0.0,264293.14285714284,0
UMKM-00425,6,1842186,11,1.5,0.0,92782.0,0.0,0,0,0,0,1,0,153515.5,0.0,263169.4285714286,0
UMKM-00428,20,27659117,14,2.8,5.0,447625.0,0.0,0,0,0,0,0,1,1843941.1333333333,0.23809523809523808,1317100.8095238095,0
UMKM-00429,99,45494354,27,3.0,0.0,0.0,3.0,0,0,0,0,0,1,1624798.357142857,0.0,454943.54,0
UMKM-00431,20,25003801,17,4.6,0.0,350318.0,2.0,1,0,0,0,0,1,1389100.0555555555,0.0,1190657.1904761905,0
UMKM-00432,41,40093349,1,3.6,0.0,0.0,0.0,0,0,0,0,1,0,20046674.5,0.0,954603.5476190476,0
UMKM-00433,26,2124905,12,2.2,2.0,106572.0,0.0,1,0,0,0,1,0,163454.23076923078,0.07407407407407407,78700.18518518518,0
UMKM-00435,10,31055020,14,4.6,0.0,455257.0,2.0,0,0,0,0,1,0,2070334.6666666667,0.0,2823183.6363636362,0
UMKM-00436,65,6559277,19,1.1,5.0,466443.0,0.0,0,0,1,0,0,0,327963.85,0.07575757575757576,99382.98484848485,0
UMKM-00437,11,33355047,28,2.3,2.0,347345.0,4.0,1,0,0,1,0,0,1150174.0344827587,0.16666666666666666,2779587.25,0
UMKM-00439,20,16315296,28,1.6,2.0,263262.0,4.0,2,0,0,0,0,1,562596.4137931034,0.09523809523809523,776918.8571428572,0
UMKM-00440,79,9593059,2,1.4,0.0,338514.0,0.0,1,0,0,1,0,0,3197686.3333333335,0.0,119913.2375,0
UMKM-00441,80,19757506,18,4.3,0.0,276090.0,0.0,0,0,0,1,0,0,1039868.7368421053,0.0,243919.82716049382,0
UMKM-00442,116,46367368,2,4.6,2.0,437486.0,1.0,0,0,1,0,0,0,15455789.333333334,0.017094017094017096,396302.2905982906,0
UMKM-00443,1,47692999,13,4.3,30.0,308245.0,1.0,1,0,1,0,0,0,3406642.785714286,15.0,23846499.5,1
UMKM-00445,73,34957754,3,2.8,0.0,0.0,2.0,1,1,0,1,0,0,8739438.5,0.0,472402.08108108107,0
UMKM-00446,111,49302504,10,4.2,30.0,0.0,0.0,1,0,1,0,0,0,4482045.818181818,0.26785714285714285,440200.9285714286,1
UMKM-00447,1,34418214,30,2.5,15.0,448538.0,0.0,0,0,1,0,0,0,1110264.9677419355,7.5,17209107.0,1
UMKM-00449,109,22088012,31,2.8,0.0,129468.0,2.0,1,1,1,0,0,0,690250.375,0.0,200800.1090909091,0
UMKM-00450,42,15752304,26,1.9,0.0,210371.0,0.0,0,0,1,0,0,0,583418.6666666666,0.0,366332.6511627907,0
UMKM-00451,66,17055099,29,2.6,0.0,0.0,2.0,1,0,0,0,0,1,568503.3,0.0,254553.71641791044,0
UMKM-00453,53,15952964,1,2.8,0.0,489717.0,2.0,1,1,1,0,0,0,7976482.0,0.0,295425.25925925927,0
UMKM-00454,81,32918507,8,1.3,2.0,238206.0,0.0,0,0,1,0,0,0,3657611.888888889,0.024390243902439025,401445.2073170732,0
UMKM-00455,87,38632148,27,4.3,0.0,161672.0,1.0,0,0,0,1,0,0,1379719.5714285714,0.0,439001.6818181818,0
UMKM-00456,76,24718663,30,4.9,0.0,0.0,0.0,0,0,0,0,1,0,797376.2258064516,0.0,321021.5974025974,0
UMKM-00458,88,45033585,14,2.8,0.0,170902.0,0.0,1,1,1,0,0,0,3002239.0,0.0,505995.3370786517,0
UMKM-00459,110,36463234,24,1.3,2.0,71390.0,0.0,0,0,1,0,0,0,1458529.36,0.018018018018018018,328497.6036036036,0
UMKM-00461,93,17035897,7,2.9,0.0,193953.0,2.0,1,0,0,1,0,0,2129487.125,0.0,181232.94680851063,0
UMKM-00462,12,21946178,8,2.8,0.0,0.0,0.0,1,1,1,0,0,0,2438464.222222222,0.0,1688167.5384615385,0
UMKM-00466,11,15931115,31,4.4,0.0,451049.0,0.0,0,0,0,0,1,0,497847.34375,0.0,1327592.9166666667,0
UMKM-00467,8,25005377,16,3.4,2.0,97013.0,2.0,1,0,0,0,1,0,1470904.5294117648,0.2222222222222222,2778375.222222222,0
UMKM-00470,93,48697698,18,4.0,0.0,244692.0,1.0,0,0,0,0,0,0,2563036.736842105,0.0,518060.6170212766,0
UMKM-00472,54,24384179,28,1.5,0.0,157584.0,0.0,0,0,0,0,0,1,840833.7586206896,0.0,443348.7090909091,0
UMKM-00473,39,11093205,6,2.8,5.0,128113.0,3.0,2,1,0,0,1,0,1584743.5714285714,0.125,277330.125,0
UMKM-00474,92,46708729,27,2.0,5.0,398928.0,0.0,0,0,0,0,0,1,1668168.892857143,0.053763440860215055,502244.39784946234,0
UMKM-00476,31,37682180,27,2.8,30.0,217809.0,0.0,0,1,0,1,0,0,1345792.142857143,0.9375,1177568.125,1
UMKM-00477,37,15722892,5,5.0,0.0,336268.0,1.0,0,0,0,0,0,1,2620482.0,0.0,413760.3157894737,0
UMKM-00478,34,43778076,28,1.4,0.0,382246.0,2.0,1,0,0,0,0,0,1509588.8275862068,0.0,1250802.1714285715,0
UMKM-00479,84,11758430,16,2.8,0.0,445412.0,0.0,0,1,0,0,0,1,691672.3529411765,0.0,138334.4705882353,0
UMKM-00480,49,21778286,15,3.7,0.0,373671.0,0.0,0,0,0,0,0,0,1361142.875,0.0,435565.72,0
UMKM-00481,81,20661007,22,2.8,0.0,442515.0,2.0,0,1,0,0,0,1,898304.6521739131,0.0,251963.5,0
UMKM-00482,102,14863529,30,2.2,0.0,443086.0,0.0,1,0,0,0,1,0,479468.67741935485,0.0,144306.1067961165,0
UMKM-00483,33,13569021,2,2.8,0.0,146651.0,0.0,1,1,0,0,0,1,4523007.0,0.0,399088.85294117645,0
UMKM-00484,9,4496605,20,4.2,2.0,296549.0,1.0,0,0,0,0,0,0,214124.04761904763,0.2,449660.5,0
UMKM-00485,114,40970870,25,1.9,2.0,135395.0,0.0,0,0,0,1,0,0,1575802.6923076923,0.017391304347826087,356268.4347826087,0
UMKM-00489,80,18085839,21,2.1,0.0,442573.0,0.0,0,0,0,0,0,1,822083.5909090909,0.0,223281.96296296295,0
UMKM-00491,7,27356226,11,2.8,0.0,62055.0,0.0,1,1,1,0,0,0,2279685.5,0.0,3419528.25,0
UMKM-00493,27,33325149,12,2.8,5.0,135283.0,1.0,0,1,0,1,0,0,2563473.0,0.17857142857142858,1190183.892857143,0
UMKM-00494,10,2147116,10,4.3,2.0,94484.0,0.0,0,0,0,1,0,0,195192.36363636365,0.18181818181818182,195192.36363636365,0
UMKM-00495,103,45899606,15,2.8,0.0,127514.0,0.0,1,1,0,0,0,1,2868725.375,0.0,441342.3653846154,0
UMKM-00496,36,38327195,7,2.9,0.0,140135.0,2.0,1,0,1,0,0,0,4790899.375,0.0,1035870.1351351351,0
UMKM-00500,93,13048339,1,4.7,0.0,264223.0,2.0,0,0,1,0,0,0,6524169.5,0.0,138812.1170212766,0
UMKM-00501,36,23015847,29,3.1,2.0,422428.0,0.0,0,0,0,0,0,0,767194.9,0.05405405405405406,622049.9189189189,0
UMKM-00502,28,13776695,29,2.1,5.0,167399.0,0.0,0,0,1,0,0,0,459223.1666666667,0.1724137931034483,475058.4482758621,0
UMKM-00503,24,38396843,11,2.6,2.0,417029.0,1.0,0,0,1,0,0,0,3199736.9166666665,0.08,1535873.72,0
UMKM-00504,117,40864640,9,3.4,0.0,472593.0,1.0,0,0,0,0,0,1,4086464.0,0.0,346310.5084745763,0
UMKM-00506,7,31267797,10,1.6,0.0,223805.0,0.0,1,0,0,0,0,1,2842527.0,0.0,3908474.625,0
UMKM-00507,7,48242193,14,2.8,15.0,179344.0,1.0,2,1,1,0,0,0,3216146.2,1.875,6030274.125,1
UMKM-00508,12,29570055,15,3.2,0.0,192832.0,3.0,0,0,1,0,0,0,1848128.4375,0.0,2274619.6153846155,0
UMKM-00509,26,23636262,16,1.5,0.0,163226.0,0.0,0,0,0,0,0,1,1390368.3529411764,0.0,875417.1111111111,0
UMKM-00510,90,23811423,25,2.8,0.0,149250.0,0.0,0,1,0,0,0,0,915823.9615384615,0.0,261663.989010989,0
UMKM-00511,93,12654304,1,1.3,2.0,337906.0,0.0,2,0,1,0,0,0,6327152.0,0.02127659574468085,134620.25531914894,0
UMKM-00512,117,30370827,11,4.6,30.0,232058.0,0.0,0,0,0,0,0,0,2530902.25,0.2542372881355932,257379.88983050847,1
UMKM-00513,33,4341861,25,5.0,0.0,215404.0,3.0,0,0,0,1,0,0,166994.65384615384,0.0,127701.79411764706,0
UMKM-00514,40,14116915,22,3.8,0.0,221172.0,0.0,0,0,0,0,0,1,613778.9130434783,0.0,344315.0,0
UMKM-00515,110,25136417,17,4.1,0.0,186016.0,0.0,0,0,1,0,0,0,1396467.611111111,0.0,226454.20720720722,0
UMKM-00516,23,3615804,31,2.3,0.0,98825.0,0.0,1,0,0,0,1,0,112993.875,0.0,150658.5,0
UMKM-00518,107,36536675,2,3.1,0.0,473206.0,0.0,0,0,0,0,0,1,12178891.666666666,0.0,338302.5462962963,0
UMKM-00520,56,37968086,2,4.7,0.0,158443.0,0.0,0,0,0,0,0,0,12656028.666666666,0.0,666106.7719298246,0
UMKM-00521,111,4270209,29,4.9,30.0,411756.0,0.0,1,0,0,0,0,1,142340.3,0.26785714285714285,38126.86607142857,1
UMKM-00522,102,26381224,0,4.3,0.0,167674.0,0.0,2,0,0,0,0,1,26381224.0,0.0,256128.38834951457,0
UMKM-00523,51,41878420,29,2.2,0.0,165074.0,0.0,1,0,0,0,0,1,1395947.3333333333,0.0,805354.2307692308,0
UMKM-00525,50,21101880,31,3.5,0.0,446474.0,1.0,0,0,0,1,0,0,659433.75,0.0,413762.35294117645,0
UMKM-00526,102,30752264,27,4.7,0.0,301881.0,0.0,0,0,0,0,0,0,1098295.142857143,0.0,298565.66990291263,0
UMKM-00527,105,42765312,20,3.7,30.0,81629.0,0.0,1,0,0,1,0,0,2036443.4285714286,0.2830188679245283,403446.3396226415,1
UMKM-00528,115,38148490,12,2.2,0.0,480795.0,0.0,0,0,0,0,0,1,2934499.230769231,0.0,328866.2931034483,0
UMKM-00529,4,28301043,26,2.5,2.0,204030.0,2.0,1,0,0,0,1,0,1048186.7777777778,0.4,5660208.6,0
UMKM-00531,19,21989593,6,4.2,0.0,327919.0,1.0,0,0,0,1,0,0,3141370.4285714286,0.0,1099479.65,0
UMKM-00532,97,30396163,21,2.3,0.0,215279.0,1.0,0,0,0,0,1,0,1381643.7727272727,0.0,310164.9285714286,0
UMKM-00533,78,1233782,9,3.3,0.0,465769.0,1.0,0,0,0,0,0,1,123378.2,0.0,15617.493670886075,0
UMKM-00535,59,22586325,14,4.3,0.0,312199.0,4.0,0,0,0,1,0,0,1505755.0,0.0,376438.75,0
UMKM-00536,88,34427797,14,2.9,0.0,299084.0,0.0,1,0,1,0,0,0,2295186.466666667,0.0,386829.1797752809,0
UMKM-00537,43,18503547,3,1.3,0.0,138697.0,0.0,1,0,0,0,0,0,4625886.75,0.0,420535.1590909091,0
UMKM-00539,39,2794291,22,1.2,0.0,151505.0,0.0,1,0,0,0,1,0,121490.91304347826,0.0,69857.275,0
UMKM-00540,8,24130601,5,3.0,0.0,392864.0,4.0,1,0,1,0,0,0,4021766.8333333335,0.0,2681177.888888889,0
UMKM-00541,114,5952075,23,2.8,2.0,247277.0,0.0,1,1,0,0,0,1,248003.125,0.017391304347826087,51757.17391304348,0
UMKM-00542,24,38453038,19,1.5,0.0,390343.0,3.0,1,0,0,1,0,0,1922651.9,0.0,1538121.52,0
UMKM-00544,62,31027817,19,4.5,0.0,83734.0,0.0,0,0,0,0,1,0,1551390.85,0.0,492505.0317460318,0
UMKM-00545,12,37432549,11,2.8,2.0,263299.0,3.0,1,0,0,0,0,0,3119379.0833333335,0.15384615384615385,2879426.846153846,0
UMKM-00547,31,13670380,27,1.0,15.0,192728.0,2.0,2,0,0,0,1,0,488227.85714285716,0.46875,427199.375,1
UMKM-00548,19,25151842,7,3.5,15.0,196965.0,0.0,1,0,1,0,0,0,3143980.25,0.75,1257592.1,1
UMKM-00549,42,11431645,0,3.5,2.0,328637.0,0.0,0,0,0,0,0,1,11431645.0,0.046511627906976744,265852.20930232556,0
UMKM-00551,47,6287913,21,2.6,0.0,145872.0,4.0,1,0,0,0,0,1,285814.2272727273,0.0,130998.1875,0
UMKM-00552,104,38287581,5,2.8,0.0,373923.0,2.0,1,0,1,0,0,0,6381263.5,0.0,364643.6285714286,0
UMKM-00553,73,12476429,20,2.7,0.0,219524.0,3.0,1,0,0,1,0,0,594115.6666666666,0.0,168600.3918918919,0
UMKM-00554,67,39871173,31,3.9,0.0,194338.0,2.0,0,0,1,0,0,0,1245974.15625,0.0,586340.7794117647,0
UMKM-00556,43,38711695,14,1.8,0.0,166603.0,0.0,0,0,0,0,0,1,2580779.6666666665,0.0,879811.25,0
UMKM-00557,115,39042630,4,1.7,0.0,373751.0,0.0,1,0,1,0,0,0,7808526.0,0.0,336574.3965517241,0
UMKM-00558,82,34518515,5,2.0,0.0,66940.0,0.0,0,0,0,1,0,0,5753085.833333333,0.0,415885.7228915663,0
UMKM-00559,62,27779149,24,3.1,30.0,205075.0,1.0,1,0,0,0,0,0,1111165.96,0.47619047619047616,440938.873015873,1
UMKM-00561,53,44069838,28,4.5,0.0,148408.0,2.0,0,0,0,0,0,1,1519649.5862068965,0.0,816108.1111111111,0
UMKM-00562,116,32219362,6,2.2,2.0,346959.0,0.0,0,0,0,0,0,1,4602766.0,0.017094017094017096,275379.1623931624,0
UMKM-00564,55,33002177,12,3.7,0.0,99297.0,0.0,0,0,0,0,0,1,2538629.0,0.0,589324.5892857143,0
UMKM-00566,37,11091985,17,3.5,2.0,394937.0,0.0,0,0,0,0,1,0,616221.3888888889,0.05263157894736842,291894.34210526315,0
UMKM-00567,118,19029773,1,3.8,30.0,459898.0,0.0,1,0,0,0,1,0,9514886.5,0.25210084033613445,159914.0588235294,1
UMKM-00568,64,30464339,7,1.9,2.0,69622.0,0.0,0,0,1,0,0,0,3808042.375,0.03076923076923077,468682.1384615385,0
UMKM-00569,33,46275089,10,1.2,0.0,342552.0,0.0,0,0,0,1,0,0,4206826.2727272725,0.0,1361032.0294117648,0
UMKM-00572,40,43866200,26,2.8,0.0,0.0,0.0,0,1,0,0,1,0,1624674.0740740742,0.0,1069907.3170731708,0
UMKM-00573,82,33318232,19,2.0,2.0,143190.0,0.0,0,0,0,0,0,1,1665911.6,0.024096385542168676,401424.4819277108,0
UMKM-00574,5,46545724,11,2.2,0.0,462111.0,0.0,0,0,0,1,0,0,3878810.3333333335,0.0,7757620.666666667,0
UMKM-00576,71,6272864,30,3.7,2.0,267984.0,2.0,0,0,0,1,0,0,202350.4516129032,0.027777777777777776,87123.11111111111,0
UMKM-00577,92,4788963,26,3.4,2.0,50370.0,0.0,0,0,1,0,0,0,177369.0,0.021505376344086023,51494.22580645161,0
UMKM-00578,19,12540237,31,1.6,0.0,426356.0,1.0,0,0,1,0,0,0,391882.40625,0.0,627011.85,0
UMKM-00579,65,33799055,9,1.7,0.0,312630.0,0.0,0,0,0,0,0,0,3379905.5,0.0,512106.8939393939,0
UMKM-00580,46,6185773,2,4.5,15.0,335906.0,1.0,1,0,1,0,0,0,2061924.3333333333,0.3191489361702128,131612.1914893617,1
UMKM-00582,53,22609907,26,4.5,2.0,293876.0,0.0,0,0,0,1,0,0,837403.9629629629,0.037037037037037035,418701.98148148146,0
UMKM-00584,14,35523048,30,3.5,0.0,276009.0,2.0,0,0,0,0,0,1,1145904.7741935484,0.0,2368203.2,0
UMKM-00585,87,25691736,14,2.8,0.0,412709.0,2.0,1,1,0,0,0,1,1712782.4,0.0,291951.54545454547,0
UMKM-00586,57,44193996,15,2.3,0.0,388493.0,0.0,1,0,0,0,0,1,2762124.75,0.0,761965.448275862,0
UMKM-00587,48,36044468,12,2.9,2.0,376983.0,0.0,0,0,0,0,1,0,2772651.3846153845,0.04081632653061224,735601.387755102,0
UMKM-00589,109,41733588,10,2.8,0.0,58572.0,0.0,0,1,0,0,0,1,3793962.5454545454,0.0,379396.2545454545,0
UMKM-00590,103,44752417,20,2.3,0.0,471441.0,0.0,0,0,0,0,0,1,2131067.476190476,0.0,430311.70192307694,0
UMKM-00591,104,27231747,10,4.2,0.0,95853.0,0.0,1,0,0,0,0,1,2475613.3636363638,0.0,259349.9714285714,0
UMKM-00592,68,44663896,29,4.7,0.0,492606.0,0.0,0,0,0,0,0,1,1488796.5333333334,0.0,647302.8405797102,0
UMKM-00594,92,8904428,21,2.2,2.0,384523.0,0.0,0,0,1,0,0,0,404746.7272727273,0.021505376344086023,95746.5376344086,0
UMKM-00596,84,48668235,30,3.7,5.0,166074.0,3.0,0,0,0,0,0,0,1569943.064516129,0.058823529411764705,572567.4705882353,0
UMKM-00597,35,46624927,13,2.3,0.0,93209.0,0.0,0,0,1,0,0,0,3330351.9285714286,0.0,1295136.861111111,0
UMKM-00598,107,3322523,23,5.0,0.0,485703.0,0.0,0,0,0,0,0,0,138438.45833333334,0.0,30764.10185185185,0
UMKM-00599,116,27379085,31,2.3,2.0,461267.0,1.0,0,0,1,0,0,0,855596.40625,0.017094017094017096,234009.2735042735,0
UMKM-00601,114,9640145,31,3.4,0.0,282067.0,0.0,2,0,0,0,0,1,301254.53125,0.0,83827.34782608696,0
UMKM-00602,0,34065406,14,4.2,0.0,303516.0,2.0,0,0,0,0,0,1,2271027.066666667,0.0,34065406.0,0
UMKM-00605,48,9859690,2,5.0,2.0,248033.0,0.0,0,0,0,1,0,0,3286563.3333333335,0.04081632653061224,201218.16326530612,0
UMKM-00606,41,44864317,15,1.0,0.0,426826.0,0.0,0,0,0,0,0,0,2804019.8125,0.0,1068198.0238095238,0
UMKM-00607,81,38809281,4,4.6,5.0,107175.0,3.0,0,0,0,0,1,0,7761856.2,0.06097560975609756,473283.9146341463,0
UMKM-00608,43,42129019,20,1.6,0.0,450065.0,1.0,1,0,0,1,0,0,2006143.761904762,0.0,957477.7045454546,0
UMKM-00609,3,24292566,9,4.1,0.0,151551.0,0.0,2,0,0,0,0,1,2429256.6,0.0,6073141.5,0
UMKM-00610,93,49962002,18,3.5,15.0,0.0,0.0,1,0,0,1,0,0,2629579.052631579,0.1595744680851064,531510.659574468,1
UMKM-00611,14,9336900,24,2.4,2.0,442761.0,0.0,0,0,0,0,0,1,373476.0,0.13333333333333333,622460.0,0
UMKM-00612,116,19392993,3,4.5,30.0,411938.0,1.0,2,0,0,1,0,0,4848248.25,0.2564102564102564,165752.07692307694,1
UMKM-00613,107,29670729,28,1.1,0.0,296984.0,0.0,1,0,0,0,1,0,1023128.5862068966,0.0,274728.97222222225,0
UMKM-00614,55,38067096,18,2.8,2.0,106866.0,0.0,0,1,0,0,0,1,2003531.3684210526,0.03571428571428571,679769.5714285715,0
UMKM-00616,100,1973181,1,2.8,2.0,359222.0,2.0,2,1,0,1,0,0,986590.5,0.019801980198019802,19536.445544554455,0
UMKM-00617,29,46059850,9,3.4,5.0,303564.0,2.0,1,0,0,0,1,0,4605985.0,0.16666666666666666,1535328.3333333333,0
UMKM-00619,76,47839036,24,1.5,0.0,296592.0,0.0,0,0,0,0,0,1,1913561.44,0.0,621286.1818181818,0
UMKM-00620,56,44476894,19,1.5,0.0,65401.0,3.0,1,0,0,0,0,0,2223844.7,0.0,780296.3859649122,0
UMKM-00621,11,33363575,18,1.8,0.0,456100.0,1.0,1,0,0,0,0,1,1755977.6315789474,0.0,2780297.9166666665,0
UMKM-00622,82,3061774,22,2.8,2.0,265432.0,3.0,1,0,0,0,0,1,133120.60869565216,0.024096385542168676,36888.843373493975,0
UMKM-00624,26,21637778,10,2.8,0.0,0.0,0.0,2,1,0,0,0,0,1967070.7272727273,0.0,801399.1851851852,0
UMKM-00626,96,7210715,27,1.8,30.0,296200.0,0.0,2,0,0,0,0,1,257525.5357142857,0.30927835051546393,74337.26804123711,1
UMKM-00627,7,28488445,4,2.8,2.0,383636.0,1.0,1,0,0,0,0,1,5697689.0,0.25,3561055.625,0
UMKM-00628,114,32335282,4,1.8,2.0,260536.0,2.0,1,0,1,0,0,0,6467056.4,0.017391304347826087,281176.3652173913,0
UMKM-00629,119,26303302,20,2.1,15.0,256329.0,2.0,2,0,0,0,0,1,1252538.1904761905,0.125,219194.18333333332,1
UMKM-00630,105,21020303,11,3.0,0.0,126693.0,4.0,0,0,1,0,0,0,1751691.9166666667,0.0,198304.74528301886,0
UMKM-00631,83,18686927,3,1.3,0.0,85135.0,1.0,1,0,1,0,0,0,4671731.75,0.0,222463.41666666666,0
UMKM-00633,62,41467715,19,2.8,0.0,0.0,0.0,0,1,0,0,0,0,2073385.75,0.0,658217.6984126985,0
UMKM-00635,95,44570727,24,2.8,5.0,417510.0,1.0,0,0,0,0,1,0,1782829.08,0.052083333333333336,464278.40625,0
UMKM-00636,92,7314768,13,2.8,0.0,54331.0,0.0,0,1,0,1,0,0,522483.4285714286,0.0,78653.41935483871,0
UMKM-00637,5,26101670,10,2.8,0.0,233258.0,0.0,0,1,1,0,0,0,2372879.090909091,0.0,4350278.333333333,0
UMKM-00638,99,9815995,31,4.5,0.0,356792.0,1.0,0,0,0,0,0,1,306749.84375,0.0,98159.95,0
UMKM-00639,50,41280883,10,1.7,0.0,340693.0,2.0,1,0,0,1,0,0,3752807.5454545454,0.0,809429.0784313725,0
UMKM-00640,61,9064220,17,2.8,2.0,262854.0,0.0,0,1,0,1,0,0,503567.77777777775,0.03225806451612903,146197.09677419355,0
UMKM-00641,117,19321829,26,2.8,0.0,75761.0,2.0,2,1,1,0,0,0,715623.2962962963,0.0,163744.31355932204,0
UMKM-00642,86,19074854,17,2.9,0.0,315406.0,2.0,1,0,0,0,0,1,1059714.111111111,0.0,219251.19540229885,0
UMKM-00643,23,24912113,22,2.8,2.0,494475.0,1.0,0,1,1,0,0,0,1083135.347826087,0.08333333333333333,1038004.7083333334,0
UMKM-00644,3,25525886,10,4.3,0.0,0.0,0.0,0,0,1,0,0,0,2320535.090909091,0.0,6381471.5,0
UMKM-00645,61,47573028,20,2.8,0.0,305792.0,1.0,0,1,1,0,0,0,2265382.285714286,0.0,767306.9032258064,0
UMKM-00647,92,46038050,4,2.8,5.0,400002.0,4.0,2,1,0,0,1,0,9207610.0,0.053763440860215055,495032.79569892475,0
UMKM-00648,70,37010502,22,4.3,15.0,134667.0,3.0,1,0,0,0,0,0,1609152.2608695652,0.2112676056338028,521274.676056338,1
UMKM-00650,3,34843291,24,2.5,0.0,254580.0,0.0,1,0,1,0,0,0,1393731.64,0.0,8710822.75,0
UMKM-00652,34,16805013,9,1.0,0.0,413581.0,0.0,0,0,1,0,0,0,1680501.3,0.0,480143.22857142857,0
UMKM-00653,19,46944452,21,1.6,0.0,493833.0,0.0,0,0,0,0,0,0,2133838.727272727,0.0,2347222.6,0
UMKM-00655,5,43537345,0,2.0,0.0,110148.0,0.0,1,0,1,0,0,0,43537345.0,0.0,7256224.166666667,0
UMKM-00656,53,38811773,6,3.4,30.0,359070.0,1.0,2,0,0,0,0,1,5544539.0,0.5555555555555556,718736.5370370371,1
UMKM-00657,92,16321333,3,2.5,2.0,125271.0,2.0,1,0,0,1,0,0,4080333.25,0.021505376344086023,175498.20430107528,0
UMKM-00658,82,40031525,0,4.4,0.0,84457.0,0.0,0,0,0,0,0,1,40031525.0,0.0,482307.5301204819,0
UMKM-00659,118,43147406,14,4.8,0.0,92531.0,1.0,1,0,1,0,0,0,2876493.7333333334,0.0,362583.243697479,0
UMKM-00661,32,45194441,11,2.1,0.0,178027.0,1.0,0,0,0,0,0,1,3766203.4166666665,0.0,1369528.5151515151,0
UMKM-00662,66,40083478,21,1.8,0.0,244243.0,3.0,2,0,0,0,0,1,1821976.2727272727,0.0,598260.8656716418,0
UMKM-00663,117,10426807,21,2.9,2.0,307231.0,0.0,0,0,1,0,0,0,473945.7727272727,0.01694915254237288,88362.77118644067,0
UMKM-00665,42,42116548,28,1.1,5.0,95771.0,0.0,1,0,0,1,0,0,1452294.7586206896,0.11627906976744186,979454.6046511628,0
UMKM-00666,84,48246348,13,3.2,0.0,143135.0,0.0,0,0,0,0,0,1,3446167.714285714,0.0,567604.094117647,0
UMKM-00667,12,27535897,19,3.1,15.0,116354.0,1.0,0,0,0,0,0,1,1376794.85,1.1538461538461537,2118145.923076923,1
UMKM-00670,54,31596308,14,2.0,2.0,480505.0,0.0,0,0,0,0,1,0,2106420.533333333,0.03636363636363636,574478.3272727273,0
UMKM-00671,42,49774836,11,1.5,2.0,83892.0,0.0,0,0,1,0,0,0,4147903.0,0.046511627906976744,1157554.3255813953,0
UMKM-00673,22,10091044,19,4.1,5.0,441806.0,1.0,0,0,0,0,0,1,504552.2,0.21739130434782608,438741.04347826086,0
UMKM-00674,63,28709612,29,4.3,0.0,145057.0,0.0,0,0,0,0,0,0,956987.0666666667,0.0,448587.6875,0
UMKM-00676,75,15942371,2,2.8,2.0,296889.0,0.0,1,1,1,0,0,0,5314123.666666667,0.02631578947368421,209768.0394736842,0
UMKM-00677,108,2551330,27,2.8,2.0,477686.0,0.0,1,0,0,0,0,1,91118.92857142857,0.01834862385321101,23406.697247706423,0
UMKM-00678,34,1971248,25,2.3,2.0,199457.0,3.0,1,0,1,0,0,0,75817.23076923077,0.05714285714285714,56321.37142857143,0
UMKM-00679,39,5657851,29,3.4,0.0,466512.0,0.0,0,0,1,0,0,0,188595.03333333333,0.0,141446.275,0
UMKM-00680,90,24472522,12,2.8,5.0,430710.0,2.0,2,0,0,1,0,0,1882501.6923076923,0.054945054945054944,268928.8131868132,0
UMKM-00681,56,6378750,12,2.8,0.0,373860.0,3.0,1,0,1,0,0,0,490673.07692307694,0.0,111907.8947368421,0
UMKM-00682,87,3607411,1,4.7,5.0,401296.0,0.0,0,0,0,1,0,0,1803705.5,0.056818181818181816,40993.306818181816,0
UMKM-00685,61,37991604,1,4.0,0.0,72419.0,2.0,0,0,0,0,1,0,18995802.0,0.0,612767.8064516129,0
UMKM-00687,34,10447933,25,1.7,30.0,275825.0,2.0,2,0,0,0,0,1,401843.57692307694,0.8571428571428571,298512.3714285714,1
UMKM-00688,92,41474307,10,1.2,0.0,220363.0,2.0,1,0,0,0,0,1,3770391.5454545454,0.0,445960.29032258067,0
UMKM-00689,34,23700577,7,3.8,0.0,324541.0,0.0,0,0,1,0,0,0,2962572.125,0.0,677159.3428571429,0
UMKM-00693,27,32216359,21,1.4,0.0,404620.0,0.0,0,0,0,0,0,1,1464379.9545454546,0.0,1150584.25,0
UMKM-00694,0,4815144,19,2.1,0.0,0.0,2.0,1,0,0,0,0,0,240757.2,0.0,4815144.0,0
UMKM-00695,82,21213468,7,3.7,0.0,209413.0,0.0,0,0,1,0,0,0,2651683.5,0.0,255583.9518072289,0
UMKM-00696,13,17541107,28,1.7,0.0,387747.0,0.0,0,0,0,1,0,0,604865.7586206896,0.0,1252936.2142857143,0
UMKM-00698,34,28151781,25,2.3,0.0,129360.0,2.0,0,0,0,0,0,1,1082760.8076923077,0.0,804336.6,0
UMKM-00699,86,8596585,29,4.1,2.0,63444.0,1.0,0,0,1,0,0,0,286552.8333333333,0.022988505747126436,98811.32183908045,0
UMKM-00700,91,17177172,16,2.7,0.0,488863.0,4.0,1,0,1,0,0,0,1010421.8823529412,0.0,186708.39130434784,0
UMKM-00701,53,14302313,19,2.8,0.0,0.0,3.0,1,1,0,1,0,0,715115.65,0.0,264857.64814814815,0
UMKM-00702,53,7269324,15,3.3,0.0,295488.0,0.0,0,0,0,0,0,1,454332.75,0.0,134617.11111111112,0
UMKM-00704,35,10490536,6,5.0,0.0,323118.0,0.0,0,0,0,0,0,1,1498648.0,0.0,291403.77777777775,0
UMKM-00705,7,37075711,15,1.2,0.0,162150.0,1.0,2,0,1,0,0,0,2317231.9375,0.0,4634463.875,0
UMKM-00707,39,11488951,26,3.2,0.0,306620.0,1.0,0,0,1,0,0,0,425516.7037037037,0.0,287223.775,0
UMKM-00708,83,13485000,22,4.9,15.0,144826.0,0.0,1,0,1,0,0,0,586304.3478260869,0.17857142857142858,160535.7142857143,1
UMKM-00709,47,23897064,23,1.5,2.0,409792.0,0.0,0,0,1,0,0,0,995711.0,0.041666666666666664,497855.5,0
UMKM-00710,36,3726016,8,3.0,0.0,275121.0,0.0,0,0,0,0,0,1,414001.77777777775,0.0,100703.13513513513,0
UMKM-00712,57,21060188,19,1.2,0.0,451293.0,0.0,0,0,0,0,0,1,1053009.4,0.0,363106.6896551724,0
UMKM-00715,54,14135871,16,3.4,0.0,0.0,1.0,2,0,0,1,0,0,831521.8235294118,0.0,257015.83636363636,0
UMKM-00716,1,48833019,30,1.4,2.0,105612.0,0.0,1,0,0,0,1,0,1575258.677419355,1.0,24416509.5,0
UMKM-00718,101,48575798,14,4.1,0.0,348303.0,1.0,0,0,1,0,0,0,3238386.533333333,0.0,476233.3137254902,0
UMKM-00719,39,14331233,30,2.8,0.0,89710.0,1.0,1,1,0,0,0,1,462297.8387096774,0.0,358280.825,0
UMKM-00720,52,49743175,29,3.5,2.0,457022.0,2.0,1,0,0,0,0,1,1658105.8333333333,0.03773584905660377,938550.4716981133,0
UMKM-00721,115,20296186,19,3.6,5.0,163096.0,0.0,0,0,0,0,1,0,1014809.3,0.04310344827586207,174967.12068965516,0
UMKM-00723,25,20578958,11,2.8,0.0,0.0,4.0,0,1,1,0,0,0,1714913.1666666667,0.0,791498.3846153846,0
UMKM-00724,17,18832891,16,3.7,0.0,419556.0,2.0,0,0,0,0,1,0,1107817.1176470588,0.0,1046271.7222222222,0
UMKM-00726,4,33038060,29,3.9,0.0,318602.0,2.0,0,0,0,0,0,1,1101268.6666666667,0.0,6607612.0,0
UMKM-00727,26,41991186,28,2.8,0.0,443137.0,0.0,0,1,0,1,0,0,1447971.9310344828,0.0,1555229.111111111,0
UMKM-00728,101,14137311,18,3.5,0.0,347668.0,0.0,0,0,0,0,0,1,744069.0,0.0,138601.08823529413,0
UMKM-00729,47,17751531,10,4.0,5.0,187925.0,1.0,0,0,1,0,0,0,1613775.5454545454,0.10416666666666667,369823.5625,0
UMKM-00731,33,36874916,6,1.1,0.0,344366.0,0.0,0,0,0,0,0,1,5267845.142857143,0.0,1084556.3529411764,0
UMKM-00734,94,30084871,19,2.1,15.0,102243.0,0.0,1,0,0,0,0,0,1504243.55,0.15789473684210525,316682.8526315789,1
UMKM-00736,72,12963776,23,2.5,2.0,460568.0,2.0,0,0,0,1,0,0,540157.3333333334,0.0273972602739726,177585.97260273973,0
UMKM-00737,71,42164396,9,3.1,5.0,122833.0,0.0,0,0,0,0,0,1,4216439.6,0.06944444444444445,585616.6111111111,0
UMKM-00738,87,23572466,31,2.8,0.0,143476.0,2.0,0,1,0,1,0,0,736639.5625,0.0,267868.9318181818,0
UMKM-00739,6,38609879,14,1.7,2.0,164560.0,3.0,0,0,0,0,0,1,2573991.933333333,0.2857142857142857,5515697.0,0
UMKM-00741,60,15501508,19,2.8,0.0,351411.0,0.0,0,1,0,0,0,1,775075.4,0.0,254123.0819672131,0
UMKM-00742,90,37847763,2,3.6,30.0,87941.0,0.0,2,0,0,1,0,0,12615921.0,0.32967032967032966,415909.4835164835,1
UMKM-00745,21,38889950,7,2.8,2.0,389330.0,0.0,0,1,1,0,0,0,4861243.75,0.09090909090909091,1767725.0,0
UMKM-00748,11,9589747,22,3.5,0.0,253990.0,4.0,2,0,1,0,0,0,416945.52173913043,0.0,799145.5833333334,0
UMKM-00750,89,21681938,10,2.8,2.0,307481.0,0.0,0,1,0,0,0,1,1971085.2727272727,0.022222222222222223,240910.42222222223,0
UMKM-00751,92,22992838,7,1.0,0.0,50801.0,0.0,0,0,0,0,0,1,2874104.75,0.0,247234.81720430107,0
UMKM-00752,54,12135474,28,3.9,0.0,156538.0,2.0,1,0,1,0,0,0,418464.6206896552,0.0,220644.9818181818,0
UMKM-00753,58,48637042,29,3.3,5.0,424345.0,0.0,0,0,0,0,1,0,1621234.7333333334,0.0847457627118644,824356.6440677966,0
UMKM-00754,82,10596394,9,2.7,0.0,360109.0,0.0,0,0,0,0,0,1,1059639.4,0.0,127667.39759036145,0
UMKM-00756,29,20952900,27,2.6,0.0,303765.0,3.0,1,0,0,0,0,1,748317.8571428572,0.0,698430.0,0
UMKM-00758,64,18406301,12,2.2,0.0,348113.0,2.0,0,0,0,0,0,1,1415869.3076923077,0.0,283173.8615384615,0
UMKM-00759,77,11348533,31,3.9,0.0,475665.0,0.0,2,0,0,0,0,0,354641.65625,0.0,145494.0128205128,0
UMKM-00762,68,23849061,25,4.8,0.0,241375.0,3.0,0,0,1,0,0,0,917271.5769230769,0.0,345638.5652173913,0
UMKM-00763,99,20295854,21,2.4,5.0,340507.0,0.0,0,0,0,0,1,0,922538.8181818182,0.05,202958.54,0
UMKM-00764,90,18380319,3,2.0,2.0,211792.0,2.0,2,0,0,0,0,0,4595079.75,0.02197802197802198,201981.52747252746,0
UMKM-00765,92,36544400,30,3.6,2.0,453188.0,0.0,0,0,0,0,1,0,1178851.6129032257,0.021505376344086023,392950.5376344086,0
UMKM-00766,57,6303943,17,2.8,0.0,83351.0,0.0,0,1,0,0,0,0,350219.05555555556,0.0,108688.6724137931,0
UMKM-00768,54,40051623,23,1.9,0.0,217217.0,0.0,0,0,0,0,0,1,1668817.625,0.0,728211.3272727273,0
UMKM-00769,73,32099208,22,1.3,2.0,137948.0,0.0,0,0,0,1,0,0,1395617.7391304348,0.02702702702702703,433773.08108108107,0
UMKM-00770,88,30805505,21,4.3,0.0,270686.0,0.0,0,0,1,0,0,0,1400250.2272727273,0.0,346129.2696629214,0
UMKM-00771,31,48675854,1,2.8,0.0,269188.0,2.0,1,1,0,0,1,0,24337927.0,0.0,1521120.4375,0
UMKM-00772,87,12004849,30,2.9,0.0,368379.0,1.0,0,0,0,0,0,1,387253.1935483871,0.0,136418.73863636365,0
UMKM-00773,16,45786626,10,1.2,5.0,326999.0,0.0,0,0,1,0,0,0,4162420.5454545454,0.29411764705882354,2693330.9411764704,0
UMKM-00774,62,24250723,27,3.8,30.0,479385.0,2.0,2,0,0,1,0,0,866097.25,0.47619047619047616,384932.1111111111,1
UMKM-00775,14,25214909,31,2.3,0.0,311677.0,0.0,0,0,1,0,0,0,787965.90625,0.0,1680993.9333333333,0
UMKM-00776,90,47013251,4,4.0,0.0,0.0,1.0,0,0,1,0,0,0,9402650.2,0.0,516629.13186813187,0
UMKM-00778,108,30009512,9,1.8,2.0,175074.0,1.0,0,0,0,1,0,0,3000951.2,0.01834862385321101,275316.623853211,0
UMKM-00780,85,29782808,23,1.5,0.0,104437.0,0.0,0,0,0,0,1,0,1240950.3333333333,0.0,346311.72093023255,0
UMKM-00783,6,23289150,22,4.6,0.0,449988.0,0.0,0,0,1,0,0,0,1012571.7391304348,0.0,3327021.4285714286,0
UMKM-00784,16,42727753,16,1.2,0.0,140410.0,3.0,2,0,0,0,1,0,2513397.2352941176,0.0,2513397.2352941176,0
UMKM-00785,11,8899284,0,2.8,30.0,69731.0,1.0,2,1,0,1,0,0,8899284.0,2.5,741607.0,1
UMKM-00786,4,2003171,30,2.8,0.0,191203.0,2.0,2,1,1,0,0,0,64618.41935483871,0.0,400634.2,0
UMKM-00787,112,24992154,30,2.3,30.0,378468.0,3.0,2,0,0,1,0,0,806198.5161290322,0.26548672566371684,221169.50442477877,1
UMKM-00791,114,8045900,8,1.4,2.0,315033.0,2.0,1,0,0,0,1,0,893988.8888888889,0.017391304347826087,69964.34782608696,0
UMKM-00792,117,19458292,21,2.8,0.0,59569.0,0.0,2,1,0,0,0,1,884467.8181818182,0.0,164900.77966101695,0
UMKM-00793,76,23089615,12,1.4,0.0,399337.0,2.0,0,0,1,0,0,0,1776124.2307692308,0.0,299865.12987012987,0
UMKM-00794,44,31600479,24,1.5,0.0,256749.0,1.0,0,0,1,0,0,0,1264019.16,0.0,702232.8666666667,0
UMKM-00795,8,1981883,17,3.3,0.0,135192.0,2.0,1,0,0,0,0,0,110104.61111111111,0.0,220209.22222222222,0
UMKM-00796,58,2668321,11,1.2,0.0,304829.0,1.0,1,0,0,1,0,0,222360.08333333334,0.0,45225.779661016946,0
UMKM-00798,23,44561742,16,3.9,0.0,258542.0,4.0,1,0,0,0,1,0,2621278.9411764704,0.0,1856739.25,0
UMKM-00799,70,7154512,14,2.4,0.0,158073.0,0.0,0,0,0,1,0,0,476967.4666666667,0.0,100767.77464788733,0
UMKM-00801,117,21536721,14,2.0,0.0,319756.0,1.0,0,0,1,0,0,0,1435781.4,0.0,182514.58474576272,0
UMKM-00802,93,26192630,14,3.6,0.0,101644.0,4.0,1,0,0,1,0,0,1746175.3333333333,0.0,278645.0,0
UMKM-00804,119,5264423,12,3.0,0.0,393885.0,0.0,0,0,0,0,1,0,404955.6153846154,0.0,43870.191666666666,0
UMKM-00805,70,44816762,16,2.8,2.0,470547.0,0.0,0,1,0,0,0,0,2636280.117647059,0.028169014084507043,631222.0,0
UMKM-00806,1,14816653,31,2.8,0.0,368041.0,0.0,1,1,1,0,0,0,463020.40625,0.0,7408326.5,0
UMKM-00807,23,9181883,8,2.3,0.0,0.0,3.0,1,0,0,0,0,1,1020209.2222222222,0.0,382578.4583333333,0
UMKM-00809,27,32927921,19,4.2,0.0,414688.0,1.0,0,0,0,0,0,1,1646396.05,0.0,1175997.1785714286,0
UMKM-00810,0,24948053,25,3.4,2.0,68706.0,1.0,0,0,0,0,1,0,959540.5,2.0,24948053.0,0
UMKM-00811,105,36074035,26,2.8,0.0,224588.0,2.0,0,1,1,0,0,0,1336075.3703703703,0.0,340321.08490566036,0
UMKM-00812,73,28134365,20,2.0,30.0,153602.0,0.0,2,0,0,0,0,0,1339731.6666666667,0.40540540540540543,380194.1216216216,1
UMKM-00813,26,28670483,17,2.3,2.0,346773.0,0.0,0,0,1,0,0,0,1592804.611111111,0.07407407407407407,1061869.7407407407,0
UMKM-00814,45,18640619,12,1.7,0.0,490126.0,0.0,0,0,0,0,0,1,1433893.7692307692,0.0,405230.847826087,0
UMKM-00815,69,43822943,15,1.7,5.0,0.0,0.0,0,0,0,0,0,1,2738933.9375,0.07142857142857142,626042.0428571429,0
UMKM-00816,52,23272887,8,4.2,0.0,70431.0,0.0,0,0,1,0,0,0,2585876.3333333335,0.0,439111.07547169813,0
UMKM-00817,81,35533268,11,2.5,0.0,237805.0,0.0,0,0,0,1,0,0,2961105.6666666665,0.0,433332.53658536583,0
UMKM-00820,40,19994397,18,3.4,2.0,0.0,2.0,0,0,1,0,0,0,1052336.6842105263,0.04878048780487805,487668.2195121951,0
UMKM-00821,92,9568438,6,1.3,30.0,281110.0,0.0,2,0,0,0,1,0,1366919.7142857143,0.3225806451612903,102886.43010752689,1
UMKM-00824,75,37213515,15,3.9,0.0,350821.0,2.0,0,0,0,0,0,1,2325844.6875,0.0,489651.5131578947,0
UMKM-00826,7,48548564,3,3.9,0.0,62818.0,4.0,1,0,0,0,1,0,12137141.0,0.0,6068570.5,0
UMKM-00827,99,22654924,24,3.3,2.0,375145.0,3.0,1,0,1,0,0,0,906196.96,0.02,226549.24,0
UMKM-00828,33,10935869,31,1.1,2.0,205049.0,0.0,0,0,0,1,0,0,341745.90625,0.058823529411764705,321643.20588235295,0
UMKM-00830,113,42434749,12,3.4,5.0,353075.0,0.0,0,0,0,0,0,1,3264211.4615384615,0.043859649122807015,372234.6403508772,0
UMKM-00832,23,47979309,16,4.5,0.0,259966.0,0.0,0,0,1,0,0,0,2822312.294117647,0.0,1999137.875,0
UMKM-00834,110,38450390,5,2.2,0.0,0.0,1.0,0,0,0,0,0,1,6408398.333333333,0.0,346399.9099099099,0
UMKM-00835,26,30992671,18,2.1,0.0,418449.0,1.0,2,0,0,0,0,1,1631193.2105263157,0.0,1147876.7037037036,0
UMKM-00837,41,33469247,25,3.2,0.0,347103.0,1.0,0,0,0,0,0,1,1287278.7307692308,0.0,796886.8333333334,0
UMKM-00838,72,14689493,13,2.8,0.0,344472.0,1.0,2,1,0,1,0,0,1049249.5,0.0,201225.9315068493,0
UMKM-00839,78,2265898,30,3.7,0.0,0.0,2.0,1,0,0,0,0,1,73093.48387096774,0.0,28682.25316455696,0
UMKM-00840,16,16918424,3,4.2,2.0,305564.0,0.0,0,0,0,1,0,0,4229606.0,0.11764705882352941,995201.4117647059,0
UMKM-00842,21,40501580,7,2.8,0.0,124408.0,4.0,1,1,0,0,0,0,5062697.5,0.0,1840980.9090909092,0
UMKM-00843,61,37785617,24,1.1,2.0,173852.0,3.0,0,0,0,1,0,0,1511424.68,0.03225806451612903,609445.4354838709,0
UMKM-00844,75,29899868,12,3.9,0.0,265838.0,3.0,2,0,1,0,0,0,2299989.846153846,0.0,393419.3157894737,0
UMKM-00845,102,32052238,31,2.8,0.0,76708.0,0.0,0,1,1,0,0,0,1001632.4375,0.0,311186.77669902914,0
UMKM-00848,87,18262030,27,2.3,0.0,437527.0,0.0,0,0,0,0,0,1,652215.3571428572,0.0,207523.06818181818,0
UMKM-00849,15,26137138,29,1.2,0.0,54922.0,0.0,0,0,0,1,0,0,871237.9333333333,0.0,1633571.125,0
UMKM-00850,41,44169174,2,1.6,2.0,102335.0,0.0,1,0,0,0,0,1,14723058.0,0.047619047619047616,1051647.0,0
UMKM-00851,74,31779669,27,1.0,0.0,439057.0,0.0,0,0,1,0,0,0,1134988.1785714286,0.0,423728.92,0
UMKM-00852,95,48189674,2,4.6,0.0,456757.0,0.0,0,0,0,0,0,1,16063224.666666666,0.0,501975.7708333333,0
UMKM-00855,0,36908279,15,2.7,0.0,425463.0,2.0,2,0,0,0,0,1,2306767.4375,0.0,36908279.0,0
UMKM-00856,13,12018754,21,2.4,0.0,367817.0,1.0,1,0,1,0,0,0,546307.0,0.0,858482.4285714285,0
UMKM-00857,51,3892478,31,2.8,0.0,413675.0,0.0,1,1,0,1,0,0,121639.9375,0.0,74855.34615384616,0
UMKM-00860,117,6949852,7,3.7,2.0,109072.0,1.0,2,0,0,0,0,0,868731.5,0.01694915254237288,58897.05084745763,0
UMKM-00862,52,49495982,13,3.5,0.0,0.0,1.0,0,0,0,1,0,0,3535427.285714286,0.0,933886.4528301887,0
UMKM-00863,118,10184536,31,4.2,0.0,183558.0,4.0,0,0,0,0,1,0,318266.75,0.0,85584.33613445378,0
UMKM-00865,9,17413806,9,2.5,0.0,191154.0,0.0,1,0,0,0,0,1,1741380.6,0.0,1741380.6,0
UMKM-00866,28,20748999,2,2.5,0.0,414925.0,0.0,1,0,0,0,0,1,6916333.0,0.0,715482.724137931,0
UMKM-00867,55,37217193,11,4.5,0.0,396249.0,1.0,0,0,0,0,1,0,3101432.75,0.0,664592.7321428572,0
UMKM-00868,29,48963321,30,1.6,2.0,57086.0,0.0,0,0,0,0,0,1,1579461.9677419355,0.06666666666666667,1632110.7,0
UMKM-00869,58,41078991,28,1.6,0.0,439962.0,0.0,0,0,0,0,0,1,1416516.9310344828,0.0,696254.0847457628,0
UMKM-00870,107,32512427,4,2.3,30.0,117853.0,0.0,2,0,1,0,0,0,6502485.4,0.2777777777777778,301040.99074074073,1
UMKM-00871,19,34121540,24,1.2,0.0,414069.0,4.0,1,0,0,0,0,1,1364861.6,0.0,1706077.0,0
UMKM-00873,6,32932864,30,2.8,0.0,328060.0,1.0,0,1,0,0,0,1,1062350.4516129033,0.0,4704694.857142857,0
UMKM-00874,12,24313511,20,2.7,0.0,327392.0,2.0,1,0,1,0,0,0,1157786.238095238,0.0,1870270.076923077,0
UMKM-00875,9,28719138,19,3.5,0.0,336370.0,0.0,0,0,1,0,0,0,1435956.9,0.0,2871913.8,0
UMKM-00877,74,21686655,21,2.5,30.0,288922.0,1.0,1,0,0,0,0,1,985757.0454545454,0.4,289155.4,1
UMKM-00878,21,14726569,3,1.6,0.0,98380.0,0.0,0,0,0,0,0,1,3681642.25,0.0,669389.5,0
UMKM-00879,66,6627745,12,1.8,30.0,319992.0,2.0,2,0,0,0,0,1,509826.53846153844,0.44776119402985076,98921.5671641791,1
UMKM-00882,83,35243988,19,2.6,2.0,310115.0,0.0,1,0,0,0,0,1,1762199.4,0.023809523809523808,419571.28571428574,0
UMKM-00883,11,12245869,12,1.0,0.0,146494.0,4.0,1,0,1,0,0,0,941989.9230769231,0.0,1020489.0833333334,0
UMKM-00884,87,29391654,16,3.1,15.0,165981.0,4.0,2,0,0,1,0,0,1728920.8235294118,0.17045454545454544,333996.0681818182,1
UMKM-00887,73,2649729,0,4.3,2.0,323438.0,0.0,1,0,0,1,0,0,2649729.0,0.02702702702702703,35807.14864864865,0
UMKM-00888,21,2116271,14,2.8,2.0,338569.0,0.0,1,1,0,0,1,0,141084.73333333334,0.09090909090909091,96194.13636363637,0
UMKM-00889,40,11916876,12,2.3,15.0,249783.0,1.0,2,0,1,0,0,0,916682.7692307692,0.36585365853658536,290655.51219512196,1
UMKM-00890,44,32978888,16,4.1,2.0,160777.0,0.0,0,0,0,1,0,0,1939934.5882352942,0.044444444444444446,732864.1777777778,0
UMKM-00891,110,32574515,23,1.6,15.0,452641.0,0.0,2,0,1,0,0,0,1357271.4583333333,0.13513513513513514,293464.0990990991,1
UMKM-00892,65,37653987,7,3.6,2.0,141549.0,0.0,0,0,0,0,0,1,4706748.375,0.030303030303030304,570514.9545454546,0
UMKM-00895,58,48204953,22,4.2,0.0,156748.0,4.0,0,0,0,0,0,0,2095867.5217391304,0.0,817033.1016949152,0
UMKM-00896,38,18443381,7,4.6,0.0,380439.0,1.0,0,0,1,0,0,0,2305422.625,0.0,472907.2051282051,0
UMKM-00897,47,20565579,7,2.1,0.0,328235.0,2.0,1,0,0,0,0,0,2570697.375,0.0,428449.5625,0
UMKM-00898,18,49785616,25,4.2,2.0,432087.0,0.0,0,0,0,1,0,0,1914831.3846153845,0.10526315789473684,2620295.5789473685,0
UMKM-00899,54,48380429,12,2.8,0.0,0.0,0.0,0,1,0,0,0,1,3721571.4615384615,0.0,879644.1636363637,0
UMKM-00902,14,37789624,27,2.8,0.0,100411.0,0.0,0,1,1,0,0,0,1349629.4285714286,0.0,2519308.2666666666,0
UMKM-00903,40,28933715,24,4.7,5.0,484174.0,4.0,0,0,0,0,0,1,1157348.6,0.12195121951219512,705700.3658536585,0
UMKM-00904,9,27906511,15,2.8,0.0,308901.0,0.0,2,1,1,0,0,0,1744156.9375,0.0,2790651.1,0
UMKM-00905,19,36489522,1,4.1,2.0,145696.0,0.0,0,0,0,0,0,1,18244761.0,0.1,1824476.1,0
UMKM-00906,88,38491702,17,2.1,0.0,201779.0,0.0,0,0,0,1,0,0,2138427.888888889,0.0,432491.03370786516,0
UMKM-00907,72,7739013,16,2.8,2.0,196320.0,0.0,0,1,0,0,0,0,455236.0588235294,0.0273972602739726,106013.87671232877,0
UMKM-00908,65,8089975,29,1.4,5.0,121309.0,0.0,0,0,1,0,0,0,269665.8333333333,0.07575757575757576,122575.37878787878,0
UMKM-00910,102,39373507,12,2.3,0.0,494936.0,0.0,0,0,1,0,0,0,3028731.3076923075,0.0,382267.0582524272,0
UMKM-00911,78,45564078,31,1.2,5.0,196109.0,1.0,0,0,1,0,0,0,1423877.4375,0.06329113924050633,576760.4810126582,0
UMKM-00912,94,48719804,28,3.7,0.0,117421.0,0.0,0,0,0,1,0,0,1679993.2413793104,0.0,512840.04210526316,0
UMKM-00913,3,12768963,29,1.9,2.0,0.0,0.0,2,0,0,0,0,1,425632.1,0.5,3192240.75,0
UMKM-00914,32,15263315,17,2.0,0.0,352756.0,0.0,0,0,0,1,0,0,847961.9444444445,0.0,462524.69696969696,0
UMKM-00915,42,49085527,12,2.2,2.0,63450.0,0.0,0,0,0,0,0,0,3775809.769230769,0.046511627906976744,1141523.8837209302,0
UMKM-00917,54,30171429,20,1.7,0.0,167026.0,0.0,0,0,1,0,0,0,1436734.7142857143,0.0,548571.4363636364,0
UMKM-00918,57,28366868,29,1.0,0.0,124804.0,2.0,1,0,0,0,0,1,945562.2666666667,0.0,489083.9310344828,0
UMKM-00919,80,9074037,20,2.8,2.0,405437.0,0.0,0,0,0,0,0,1,432097.0,0.024691358024691357,112025.14814814815,0
UMKM-00920,112,35867175,16,1.3,15.0,169498.0,2.0,2,0,0,0,0,1,2109833.8235294116,0.13274336283185842,317408.62831858406,1
UMKM-00922,111,14822356,18,1.9,0.0,450007.0,1.0,0,0,0,0,1,0,780124.0,0.0,132342.4642857143,0
UMKM-00924,82,46677485,8,4.5,0.0,340458.0,0.0,0,0,0,0,0,0,5186387.222222222,0.0,562379.3373493976,0
UMKM-00925,66,41562875,9,2.2,0.0,364027.0,2.0,1,0,0,0,1,0,4156287.5,0.0,620341.4179104478,0
UMKM-00927,58,44420892,30,4.2,2.0,246701.0,1.0,0,0,1,0,0,0,1432932.0,0.03389830508474576,752896.4745762711,0
UMKM-00928,71,8303693,22,4.9,0.0,413435.0,0.0,0,0,0,1,0,0,361030.1304347826,0.0,115329.06944444444,0
UMKM-00929,75,20992066,29,3.4,0.0,292223.0,3.0,1,0,0,1,0,0,699735.5333333333,0.0,276211.3947368421,0
UMKM-00931,15,45613348,8,3.6,5.0,262826.0,0.0,0,0,0,1,0,0,5068149.777777778,0.3125,2850834.25,0
UMKM-00932,12,8983439,0,3.5,0.0,355364.0,0.0,0,0,1,0,0,0,8983439.0,0.0,691033.7692307692,0
UMKM-00935,76,42822973,10,4.4,0.0,220491.0,2.0,0,0,0,1,0,0,3892997.5454545454,0.0,556142.5064935065,0
UMKM-00937,105,20726497,15,1.9,0.0,78876.0,3.0,1,0,0,0,0,0,1295406.0625,0.0,195532.99056603774,0
UMKM-00938,89,25133277,8,2.8,2.0,269516.0,0.0,0,1,1,0,0,0,2792586.3333333335,0.022222222222222223,279258.63333333336,0
UMKM-00939,32,35849361,31,1.8,30.0,413592.0,1.0,2,0,1,0,0,0,1120292.53125,0.9090909090909091,1086344.2727272727,1
UMKM-00940,26,37059026,14,4.3,0.0,201043.0,0.0,0,0,0,1,0,0,2470601.7333333334,0.0,1372556.5185185184,0
UMKM-00941,5,19020510,11,3.7,0.0,279192.0,0.0,0,0,1,0,0,0,1585042.5,0.0,3170085.0,0
UMKM-00944,27,36969234,13,3.3,0.0,386639.0,0.0,0,0,0,1,0,0,2640659.5714285714,0.0,1320329.7857142857,0
UMKM-00945,118,34997463,7,2.2,0.0,0.0,0.0,0,0,1,0,0,0,4374682.875,0.0,294096.32773109246,0
UMKM-00946,96,27256492,7,2.9,0.0,78261.0,1.0,0,0,0,1,0,0,3407061.5,0.0,280994.76288659795,0
UMKM-00947,35,16663645,26,4.2,0.0,156601.0,3.0,2,0,1,0,0,0,617172.0370370371,0.0,462879.02777777775,0
UMKM-00948,2,20567589,11,4.9,5.0,111260.0,0.0,1,0,0,0,0,1,1713965.75,1.6666666666666667,6855863.0,0
UMKM-00949,5,29849268,0,4.7,0.0,446562.0,0.0,0,0,0,0,0,1,29849268.0,0.0,4974878.0,0
UMKM-00953,35,12592111,10,3.8,2.0,345156.0,0.0,0,0,0,1,0,0,1144737.3636363635,0.05555555555555555,349780.8611111111,0
UMKM-00956,115,5855920,30,2.2,30.0,468773.0,0.0,2,0,1,0,0,0,188900.64516129033,0.25862068965517243,50482.06896551724,1
UMKM-00957,40,7367712,16,1.6,0.0,385417.0,1.0,0,0,0,0,0,1,433394.82352941175,0.0,179700.29268292684,0
UMKM-00959,73,8997043,31,2.2,0.0,422448.0,2.0,1,0,0,0,0,1,281157.59375,0.0,121581.66216216216,0
UMKM-00960,74,1181360,28,2.3,0.0,418781.0,0.0,1,0,0,0,0,1,40736.55172413793,0.0,15751.466666666667,0
UMKM-00961,48,20221242,20,1.3,0.0,198348.0,0.0,0,0,0,0,0,0,962916.2857142857,0.0,412678.4081632653,0
UMKM-00962,80,20292635,20,2.4,0.0,366783.0,0.0,2,0,1,0,0,0,966315.9523809524,0.0,250526.35802469135,0
UMKM-00964,14,5138286,22,1.9,5.0,57310.0,0.0,1,0,0,1,0,0,223403.73913043478,0.3333333333333333,342552.4,0
UMKM-00965,27,49268283,5,3.8,0.0,216239.0,3.0,0,0,1,0,0,0,8211380.5,0.0,1759581.5357142857,0
UMKM-00966,68,12031669,21,3.5,0.0,415088.0,1.0,0,0,0,0,0,1,546894.0454545454,0.0,174372.01449275363,0
UMKM-00970,118,19904815,7,3.3,0.0,0.0,4.0,2,0,0,0,0,1,2488101.875,0.0,167267.35294117648,0
UMKM-00973,91,16697605,10,1.9,2.0,479358.0,0.0,0,0,0,0,0,1,1517964.0909090908,0.021739130434782608,181495.70652173914,0
UMKM-00974,27,29997166,23,1.2,2.0,488895.0,0.0,0,0,0,0,0,1,1249881.9166666667,0.07142857142857142,1071327.357142857,0
UMKM-00975,99,38937226,20,2.0,0.0,222687.0,0.0,0,0,0,0,0,1,1854153.619047619,0.0,389372.26,0
UMKM-00976,71,25100710,1,3.1,15.0,228625.0,1.0,1,0,0,1,0,0,12550355.0,0.20833333333333334,348620.97222222225,1
UMKM-00978,27,42422223,18,1.7,2.0,129071.0,0.0,0,0,0,1,0,0,2232748.5789473685,0.07142857142857142,1515079.392857143,0
UMKM-00980,110,13285500,27,1.1,0.0,434755.0,3.0,1,0,0,0,0,1,474482.14285714284,0.0,119689.18918918919,0
UMKM-00981,20,47801033,16,1.5,2.0,120658.0,1.0,2,0,0,0,0,1,2811825.470588235,0.09523809523809523,2276239.6666666665,0
UMKM-00982,16,28428913,5,2.7,0.0,0.0,0.0,0,0,1,0,0,0,4738152.166666667,0.0,1672289.0,0
UMKM-00983,97,39844162,18,1.3,2.0,317531.0,1.0,0,0,1,0,0,0,2097061.1578947369,0.02040816326530612,406573.0816326531,0
UMKM-00985,32,37793968,27,2.9,2.0,409439.0,4.0,2,0,0,0,0,1,1349784.5714285714,0.06060606060606061,1145271.7575757576,0
UMKM-00986,97,34007453,1,2.8,5.0,180381.0,0.0,1,0,0,0,0,1,17003726.5,0.05102040816326531,347014.82653061225,0
UMKM-00989,116,32979500,3,2.9,0.0,429056.0,0.0,1,0,0,0,0,1,8244875.0,0.0,281876.0683760684,0
UMKM-00990,108,44682501,21,2.6,0.0,476941.0,3.0,2,0,0,0,1,0,2031022.7727272727,0.0,409931.2018348624,0
UMKM-00991,9,11538832,25,4.3,0.0,253754.0,0.0,1,0,0,1,0,0,443801.23076923075,0.0,1153883.2,0
UMKM-00994,113,6720626,12,2.8,30.0,368709.0,4.0,2,1,0,1,0,0,516971.23076923075,0.2631578947368421,58952.85964912281,1
UMKM-00995,38,14654772,31,2.8,5.0,313456.0,0.0,1,1,0,1,0,0,457961.625,0.1282051282051282,375763.3846153846,0
UMKM-00996,43,40776146,16,2.1,2.0,461421.0,3.0,1,0,0,0,1,0,2398596.8235294116,0.045454545454545456,926730.5909090909,0
UMKM-00999,55,34422637,18,3.6,15.0,137566.0,0.0,0,0,1,0,0,0,1811717.7368421052,0.26785714285714285,614689.9464285715,1
