business_age_months,qris_volume_monthly,qris_active_days,ecommerce_rating,pln_delay_days,pdam_bill_avg,pdam_late_payments,ecommerce_rating_isna,business_category_fnb,business_category_jasa,business_category_nan,business_category_retail,volume_per_active_day,pln_delay_ratio,volume_to_age_ratio,chronic_pln_delay
0.058823529411764705,0.6174023768683203,0.3225806451612903,0.15000000000000002,0.0,0.45095064235859245,0.0,0,0,0,0,1,0.05678176181779208,0.0,0.10562830141145042,0
0.5378151260504201,0.354177607507034,0.3870967741935484,0.30000000000000004,0.0,0.7014221351773942,0.5,0,0,0,0,1,0.027868772507693505,0.0,0.007374191633520517,0
0.6890756302521008,0.6030371950232647,0.5806451612903225,0.8500000000000001,0.16666666666666666,0.1116974547447491,0.5,0,0,0,0,1,0.03177736160390057,0.004016064257028112,0.009680327706182582,0
0.19327731092436973,0.9465611289498259,0.6774193548387096,0.95,0.06666666666666667,0.6636462917291294,0.0,0,0,0,0,0,0.04279374124662713,0.005555555555555555,0.05317119316981681,0
0.9411764705882353,0.46682267844543046,0.29032258064516125,0.25,0.06666666666666667,0.928778390315457,0.0,0,0,0,0,1,0.04763157810637458,0.0011799410029498525,0.005434248740089949,0
0.6974789915966386,0.2534577285223134,0.7096774193548387,0.9750000000000001,0.5,0.2918137563067202,0.0,0,1,0,0,0,0.01105660870276067,0.011904761904761904,0.004050411685500985,1
0.5882352941176471,0.8946969612004338,0.5161290322580645,0.44999999999999996,0.06666666666666667,0.9481176555926303,0.0,1,0,0,0,0,0.05260191269430266,0.0018779342723004694,0.016807108303240285,0
0.9243697478991596,0.7237327529035882,0.7741935483870968,0.07500000000000001,0.06666666666666667,0.1438456082660348,0.0,0,1,0,0,0,0.028733331429564538,0.0012012012012012011,0.008602570799546723,0
0.008403361344537815,0.23669653845250188,0.29032258064516125,0.9750000000000001,0.0,0.536742186114738,0.5,0,1,0,0,0,0.02484369939041235,0.0,0.17133896221677591,0
0.01680672268907563,0.22013399242934095,0.45161290322580644,0.8999999999999999,0.0,0.610065364218128,0.0,0,0,0,0,0,0.015193887298851991,0.0,0.10681480655824331,0
0.4117647058823529,0.9973070080784641,0.6451612903225806,0.44999999999999996,0.06666666666666667,0.7266832696616535,0.25,0,0,0,0,1,0.047263723434033,0.0026666666666666666,0.026709931774802798,0
0.36134453781512604,0.812001276757697,0.5161290322580645,0.275,0.06666666666666667,0.9297294356593646,0.75,0,0,0,1,0,0.04778496565853788,0.0030303030303030303,0.024816080641242893,0
0.907563025210084,0.3069602901013539,0.45161290322580644,0.44999999999999996,0.0,0.9745978206554153,0.0,1,0,0,0,0,0.02092577892074441,0.0,0.003702509759580223,0
0.09243697478991596,0.20878696803365807,0.06451612903225806,0.07500000000000001,0.0,0.28438875187388174,0.25,0,0,0,1,0,0.0755263395834266,0.0,0.025226145515060083,0
0.4789915966386554,0.8819513648315471,0.4838709677419355,0.32499999999999996,0.0,0.7827848703193255,0.0,0,0,0,0,1,0.0551523104032782,0.0,0.020350560821473792,0
0.4117647058823529,0.24468184083966055,0.25806451612903225,0.65,0.0,0.3197366087979754,0.5,0,1,0,0,0,0.02857443229685852,0.0,0.006776588393782216,0
0.04201680672268907,0.5883706088020475,0.0,0.925,0.0,0.8997896416654577,0.0,0,0,0,0,1,0.6041068966723505,0.0,0.13453032116408456,0
0.31092436974789917,0.20448202449432953,0.5483870967741935,0.625,0.06666666666666667,0.7957690571755566,0.0,0,0,0,1,0,0.011662914681484554,0.003508771929824561,0.007610537004796336,0
0.20168067226890757,0.04071687210409685,0.5806451612903225,0.025000000000000022,0.0,0.7279043151667554,0.25,0,0,0,1,0,0.0024705801862318828,0.0,0.003049597472271528,0
0.29411764705882354,0.1921727041549556,0.1935483870967742,1.0,0.0,0.6510590454083853,0.0,0,0,0,0,1,0.029546385475892507,0.0,0.007597241566864211,0
0.5126050420168067,0.16298156650375917,0.5483870967741935,0.44999999999999996,0.06666666666666667,0.5296315102277673,0.0,1,0,1,0,0,0.009379849394442261,0.002150537634408602,0.0036618016939549266,0
0.3361344537815126,0.5696328019976886,0.7741935483870968,0.925,0.16666666666666666,0.975575060044812,1.0,0,0,0,0,1,0.022629529416482014,0.008130081300813007,0.018825645801817077,0
0.25210084033613445,0.5936072105210205,0.5161290322580645,0.125,0.5,0.11532029272853297,0.0,0,1,0,0,0,0.035063713551170286,0.03225806451612903,0.026019500025102785,1
0.6386554621848739,0.8538918597036819,0.3225806451612903,0.8500000000000001,0.0,0.44427317568547803,0.5,0,0,1,0,0,0.07807085156585351,0.0,0.014772278842631685,0
0.5462184873949579,0.1430425628741358,0.9354838709677419,0.09999999999999998,0.16666666666666666,0.24442872801715107,0.0,0,1,0,0,0,0.004639536104297444,0.005050505050505051,0.0030215980188384424,0
0.5462184873949579,0.7481028326976696,0.22580645161290322,0.65,0.06666666666666667,0.28521084191692053,0.0,0,0,0,0,1,0.09456252238681538,0.00202020202020202,0.015161805720761748,0
0.03361344537815126,0.5566844683605018,0.8387096774193548,0.375,0.06666666666666667,0.4111054693166981,0.5,0,0,0,1,0,0.020417229566279903,0.02666666666666667,0.1531043795388385,0
0.37815126050420167,0.8049628798008271,0.06451612903225806,0.625,1.0,0.8616551412866515,0.0,0,0,0,0,1,0.27231094318018884,0.043478260869565216,0.02352143388586987,1
0.058823529411764705,0.736267773484716,0.4838709677419355,0.04999999999999999,0.0,0.32672034431065333,0.25,0,1,0,0,0,0.046136005229788876,0.0,0.12530430407198218,0
0.4453781512605042,0.19000155706151547,0.5806451612903225,0.09999999999999998,0.16666666666666666,0.8656829795122266,0.0,0,1,0,0,0,0.010250938556244956,0.006172839506172839,0.004911423921149799,0
0.21008403361344538,0.0,0.3870967741935484,0.2,1.0,0.243840369456937,0.0,0,0,1,0,0,0.0008904032866688649,0.07692307692307691,0.0008469215425016597,1
0.8403361344537815,0.34590856299513145,0.4838709677419355,0.44999999999999996,0.0,0.7536994051936747,0.75,1,0,0,0,1,0.021976813816959904,0.0,0.004530245847115345,0
0.8067226890756303,0.535306574524427,0.22580645161290322,0.475,0.0,0.15769016877025002,0.25,0,0,1,0,0,0.06822275432194319,0.0,0.007315132975459631,0
0.7983193277310924,0.287741202295446,0.9354838709677419,0.44999999999999996,0.0,0.7574088850202298,0.75,1,0,0,1,0,0.009415721092233318,0.0,0.003979467214215687,0
0.6302521008403361,0.33194793471180484,0.06451612903225806,0.75,0.5,0.5050574657059497,0.25,0,0,0,0,0,0.11617907567689423,0.013157894736842105,0.005876045084680765,1
0.23529411764705882,0.4021235183663265,0.06451612903225806,0.375,0.0,0.836043409578155,0.0,0,0,0,0,1,0.13934249798071188,0.0,0.019090770536966558,0
0.09243697478991596,0.17373705897276345,0.7096774193548387,0.625,0.0,0.5117712010574335,1.0,0,1,0,0,0,0.007624341835505079,0.0,0.021358229235723364,0
0.025210084033613446,0.39965716812752383,0.5806451612903225,0.04999999999999999,0.0,0.14378516046875253,0.0,0,1,0,0,0,0.0211776842491665,0.0,0.1394695723539159,0
0.5966386554621849,0.10585337245034246,0.967741935483871,0.675,0.06666666666666667,0.5399680835630349,0.5,0,0,1,0,0,0.0032753063226321735,0.0018518518518518517,0.0020607588423217594,0
0.38655462184873945,0.10407095861695606,0.06451612903225806,0.875,0.5,0.6768259264632397,0.25,0,1,0,0,0,0.04096187967054738,0.02127659574468085,0.003266516729077065,1
0.9663865546218487,0.8381824638689278,0.6451612903225806,0.4,0.0,0.9587826619597982,0.5,0,1,0,0,0,0.039760362732042705,0.0,0.009525374872530227,0
0.5630252100840336,0.22507639384225558,0.9032258064516129,0.44999999999999996,0.0,0.7941228621629028,0.5,1,0,0,0,1,0.007629116191312295,0.0,0.004521443634318129,0
0.4453781512605042,0.27018494485243405,0.6129032258064516,0.44999999999999996,0.0,0.0,0.75,1,0,1,0,0,0.013667129658737115,0.0,0.006877779512543969,0
0.008403361344537815,0.011185997055991263,0.5483870967741935,0.7749999999999999,0.06666666666666667,0.5035281364347083,0.0,0,0,0,1,0,0.0010291175685004633,0.06666666666666667,0.02202230190005385,0
0.907563025210084,0.029688054759446685,0.8709677419354839,0.44999999999999996,0.06666666666666667,0.9625022164192337,0.0,0,0,0,0,1,0.0010210614158234245,0.0012232415902140674,0.0003338953540595125,0
0.36974789915966383,0.6242110826923281,0.7741935483870968,0.125,0.0,0.5173303834808259,0.25,0,1,0,0,0,0.024791340744883733,0.0,0.018731668482967465,0
0.7310924369747899,0.5032821088474413,0.45161290322580644,0.44999999999999996,0.0,0.8315783322855715,0.5,1,0,0,0,1,0.03388608493674193,0.0,0.007612087349037205,0
0.6470588235294117,0.25338761163545737,0.25806451612903225,0.95,0.0,0.9458488482679691,0.0,0,0,0,1,0,0.029532293682645944,0.0,0.0043839053016918915,0
0.3529411764705882,0.29986061761639093,0.8387096774193548,0.22499999999999998,0.0,0.4238821187355933,0.0,0,1,0,0,0,0.010998126791532397,0.0,0.009627988870731538,0
0.7647058823529411,0.7710433752967688,0.0967741935483871,0.15000000000000002,0.0,0.46224833567064816,0.75,0,0,0,1,0,0.1956297493548195,0.0,0.011122236866727682,0
0.25210084033613445,0.8103969794643888,0.7419354838709677,0.125,0.0,0.357854989764173,0.0,0,0,0,0,0,0.03354069785398829,0.0,0.035280300011400006,0
0.07563025210084033,0.21362724356641746,0.8064516129032258,0.825,0.0,0.5112956783854796,0.0,0,0,1,0,0,0.008168606119985551,0.0,0.030972446373682395,0
0.1092436974789916,0.15486955844043998,0.8064516129032258,0.175,0.0,0.9694315489143576,0.0,0,0,0,1,0,0.005930764864211291,0.0,0.01647945851599209,0
0.680672268907563,0.651185986413615,0.25806451612903225,0.07500000000000001,0.06666666666666667,0.4799675999806567,0.0,0,1,0,0,0,0.07330046900756457,0.0016260162601626016,0.010579621072323684,0
0.7394957983193277,0.6820752789305427,0.45161290322580644,0.475,0.0,0.6026323000789852,0.0,0,1,0,0,0,0.04568922639420903,0.0,0.01018349262166314,0
0.7815126050420168,0.236456614265516,0.03225806451612903,0.07500000000000001,0.06666666666666667,0.6808557796153908,0.0,0,1,0,0,0,0.12740201355577727,0.0014184397163120566,0.003348042277723885,0
0.5042016806722689,0.7144547087889738,0.0,0.25,0.0,0.38583426019955835,0.5,0,0,0,0,1,0.7289596916917089,0.0,0.015698736165948336,0
0.15966386554621848,0.9382424950576396,0.6774193548387096,0.15000000000000002,0.0,0.9950372358431259,0.0,0,0,0,0,0,0.042419314144439016,0.0,0.06331472858973085,0
0.2857142857142857,0.5536296561112577,0.8064516129032258,0.32499999999999996,0.0,0.26065090188113543,0.5,0,0,0,0,1,0.021117915205670294,0.0,0.021498917899838155,0
0.4453781512605042,0.44020906293303724,0.8387096774193548,0.875,0.06666666666666667,0.5921385624707836,0.0,0,0,1,0,0,0.016145454140154183,0.0024691358024691358,0.011047319918237854,0
0.11764705882352941,0.7426587865054997,0.25806451612903225,0.8,0.0,0.6448026983896707,0.0,0,0,1,0,0,0.08336485791844322,0.0,0.06725295961441105,0
0.36134453781512604,0.7104123249523528,0.29032258064516125,0.7,0.0,0.18053943614294696,0.5,0,0,1,0,0,0.07175265935874524,0.0,0.02175858942099491,0
0.8739495798319328,0.5348001406758417,0.3225806451612903,0.8,0.0,0.1931367570965714,0.0,0,0,0,0,1,0.04934580145875788,0.0,0.0067285086221172295,0
0.20168067226890757,0.7857039240160529,0.0967741935483871,0.32499999999999996,0.0,0.5772381804407047,0.0,0,1,0,0,0,0.1992590937454086,0.0,0.04251169192934774,0
0.6386554621848739,0.8665158669234699,0.0,0.925,0.0,0.6398459790125248,0.0,0,0,1,0,0,0.8795358595744245,0.0,0.01498938789155834,0
0.9159663865546218,0.9150324547451368,0.16129032258064516,0.625,0.06666666666666667,0.5656684720408789,0.0,0,0,0,0,0,0.1539084604793239,0.0012121212121212121,0.010986502784100105,0
0.1764705882352941,0.9149131168679454,0.25806451612903225,0.35,0.0,0.22424722343117817,0.25,0,0,0,0,0,0.1023173177820222,0.0,0.05612725359952901,0
0.3361344537815126,0.22136433299275,0.3870967741935484,0.32499999999999996,0.5,0.5032944049518836,0.25,0,1,0,0,0,0.017752137572695545,0.024390243902439025,0.007576961823610274,1
0.29411764705882354,0.7468246014409614,0.6451612903225806,0.30000000000000004,0.0,0.34511662395022324,0.25,0,0,1,0,0,0.03545247297081781,0.0,0.028000024915510277,0
0.3445378151260504,0.8956702269781456,0.4838709677419355,0.0,0.0,0.8600230507600303,0.0,0,0,0,0,0,0.05600136585697225,0.0,0.028650178165589863,0
0.6890756302521008,0.04013485691775335,0.7096774193548387,0.44999999999999996,0.06666666666666667,0.5348259909408901,0.75,0,0,0,0,1,0.0018722776080366465,0.001606425702811245,0.000699292972606445,0
0.008403361344537815,0.10008391513703657,0.3225806451612903,0.625,0.5,0.17592323935715784,0.25,0,0,0,0,1,0.010212083419900918,0.5,0.08088403029097604,1
0.9411764705882353,0.3663902664171548,0.3548387096774194,0.44999999999999996,0.0,0.7394599190805488,0.25,1,0,0,0,1,0.031267751050959004,0.0,0.004257274750413682,0
0.8655462184873949,0.893380069465246,0.6451612903225806,0.32499999999999996,0.0,0.9499189999516418,0.0,0,0,0,0,1,0.04236315130078792,0.0,0.01136197043172254,0
0.7310924369747899,0.5790050311424583,0.5161290322580645,0.525,0.5,0.33443952802359883,1.0,0,0,1,0,0,0.034213150125191556,0.011363636363636362,0.008751592019447415,1
0.21008403361344538,0.39864344085380676,0.3548387096774194,0.44999999999999996,0.0,0.0,1.0,1,1,0,0,0,0.03392926756855882,0.0,0.021150972306891464,0
0.06722689075630252,0.0180336908162105,0.5483870967741935,0.575,0.0,0.2724019536728082,0.5,0,0,0,0,0,0.0014058298429482515,0.0,0.005667702989638053,0
0.6386554621848739,0.9565511480381557,0.7741935483870968,0.125,0.0,0.5976111030514049,0.0,0,0,0,0,1,0.037955121446699526,0.0,0.016537824446791978,0
0.9831932773109243,0.18243323116379215,0.6129032258064516,0.22499999999999998,0.0,0.2790230024017925,0.0,0,0,1,0,0,0.009322392010254288,0.0,0.0019996926661529075,0
0.04201680672268907,0.6991053322644022,0.9354838709677419,0.275,0.16666666666666666,0.19636668439802055,0.0,0,1,0,0,0,0.02299394953992719,0.05555555555555556,0.15897047813132545,0
0.0,0.732841092048614,0.4838709677419355,0.42500000000000004,0.0,0.8572767058368393,0.5,0,0,0,0,1,0.04592392914575913,0.0,1.0,0
0.1764705882352941,0.7733981852456223,0.22580645161290322,0.44999999999999996,0.06666666666666667,0.7844713638635008,0.0,1,1,0,0,0,0.09769356296502808,0.006060606060606061,0.047608991460191034,0
0.10084033613445378,0.7435708586195512,0.3548387096774194,0.44999999999999996,0.06666666666666667,0.5305281525541209,0.75,0,0,0,0,0,0.062392512994514294,0.010256410256410256,0.07773870547818941,0
0.04201680672268907,0.8685122743846926,0.0,0.25,0.0,0.22194013250157166,0.0,0,1,0,0,0,0.8815127706326547,0.0,0.19636012545516357,0
0.7226890756302521,0.36786028557425077,0.5483870967741935,0.475,0.0,0.6355199316536906,0.5,0,0,0,0,1,0.020650845287302298,0.0,0.005641738227408209,0
0.6974789915966386,0.6987795322872096,0.6129032258064516,0.4,0.06666666666666667,0.6248589551396747,0.0,0,0,0,0,1,0.034887581792253215,0.001587301587301587,0.011070880091336104,0
0.3445378151260504,0.8814433550926267,0.06451612903225806,0.15000000000000002,0.06666666666666667,0.20619751116269325,0.0,0,0,0,0,1,0.2975554720451298,0.003174603174603174,0.028201606801054213,0
0.7731092436974789,0.7253939050456079,0.967741935483871,0.65,0.06666666666666667,0.9131405451585345,0.0,0,0,0,1,0,0.023065314668654323,0.0014336917562724014,0.010349395702903344,0
0.7142857142857143,0.2172778856250722,0.7096774193548387,0.09999999999999998,0.0,1.0,0.25,0,0,0,0,0,0.009498933927318263,0.0,0.003392119824316937,0
0.9579831932773109,0.09928807005172277,0.7419354838709677,0.44999999999999996,0.06666666666666667,0.49824499895223817,0.0,1,0,0,0,1,0.004200514425974368,0.0011594202898550724,0.0011022594232168936,0
0.1764705882352941,0.27886781407310185,0.0967741935483871,0.15000000000000002,0.0,0.19822847655431436,0.0,0,0,0,0,1,0.07378747410883697,0.0,0.017841536611298354,0
0.5210084033613445,0.9309449153059229,0.7096774193548387,0.725,0.0,0.7552267195383401,0.0,0,0,0,0,1,0.040224913953161204,0.0,0.01974142932270164,0
0.226890756302521,0.061853020269551744,0.9354838709677419,1.0,0.0,0.9640859487080291,0.0,0,1,0,0,0,0.0019596472254785474,0.0,0.0036902903990805114,0
0.05042016806722689,0.6514798183297249,0.967741935483871,0.44999999999999996,0.0,0.6610168125473508,0.25,1,0,0,0,1,0.020704274000550815,0.0,0.12720772756137216,0
0.3361344537815126,0.38667975215051725,0.5806451612903225,0.6,0.06666666666666667,0.0,0.5,0,1,0,0,0,0.02050133257219009,0.0032520325203252032,0.012916465891100657,0
0.8991596638655461,0.04547137417719082,0.7419354838709677,1.0,0.0,0.9786558827796316,0.0,0,0,0,0,0,0.001980050432979875,0.0,0.0005332981862168399,0
0.226890756302521,0.591397505279642,0.7419354838709677,0.04999999999999999,0.06666666666666667,0.9850875284104648,0.0,0,0,0,0,1,0.02450483195754474,0.0047619047619047615,0.02873499040074673,0
0.19327731092436973,0.47105322768127916,0.29032258064516125,0.42500000000000004,0.0,0.8421748311491529,0.0,0,0,1,0,0,0.04805050158413069,0.0,0.02693396743159255,0
0.15126050420168066,0.7766726193024708,0.5483870967741935,0.7,0.16666666666666666,0.8592452891016652,0.0,0,0,0,0,0,0.04314084403049018,0.017543859649122806,0.05540186515871103,0
0.907563025210084,0.8560357868731527,0.0,0.7749999999999999,0.06666666666666667,0.7819406160839499,0.5,0,0,1,0,0,0.8691581252967131,0.0012232415902140674,0.010373295335579681,0
0.453781512605042,0.5949639907011828,0.6451612903225806,0.175,0.0,0.3365451262955978,0.0,0,1,0,0,0,0.028291635876418055,0.0,0.014567085176171201,0
0.8823529411764706,0.0015242543439519425,0.22580645161290322,0.15000000000000002,0.0,0.3551711075648403,0.0,0,0,0,1,0,0.0021515619458220285,0.0,0.0,0
0.9747899159663865,0.37437135278601447,0.0967741935483871,0.875,1.0,0.8300248238954173,0.25,0,0,1,0,0,0.09743019302379739,0.017094017094017092,0.004191787284562604,1
0.40336134453781514,0.7151622426171994,0.3870967741935484,0.475,0.06666666666666667,0.7595930654286958,0.0,0,0,0,1,0,0.05536564572242796,0.0027210884353741495,0.0196360332648345,0
0.5630252100840336,0.45820126894783003,0.5161290322580645,0.95,0.5,0.6014455083256767,0.0,0,0,1,0,0,0.02717644285160233,0.014705882352941176,0.009061394154115443,1
0.6974789915966386,0.782003324187166,0.8064516129032258,0.175,0.06666666666666667,0.5220614310814514,0.75,0,0,1,0,0,0.029815739414657334,0.001587301587301587,0.012382897595774087,0
0.8151260504201681,0.7929271913287228,0.5806451612903225,0.07500000000000001,0.06666666666666667,0.6398016506278511,0.25,0,1,0,0,0,0.041673971042158316,0.0013605442176870747,0.010718598431390947,0
0.8487394957983193,0.7993821200055635,0.0,0.95,0.5,0.9847913342037816,0.0,0,0,0,0,1,0.8130577236025456,0.00980392156862745,0.010370281282114063,1
0.13445378151260504,0.05703007953047801,0.8709677419354839,0.44999999999999996,0.0,0.4053065106307526,0.0,1,1,0,0,0,0.0019880260434313258,0.0,0.005896859949393491,0
0.3277310924369748,0.20450699314639154,0.1935483870967742,0.44999999999999996,0.16666666666666666,0.25813828844076925,0.75,1,0,0,1,0,0.031291219117334956,0.008333333333333333,0.007215812737857508,0
0.04201680672268907,0.239859411753293,0.16129032258064516,0.725,0.0,0.4794195399519642,0.0,0,0,0,1,0,0.04247854776233848,0.0,0.05761074170075359,0
0.7478991596638656,0.4918526265016291,0.25806451612903225,0.44999999999999996,0.06666666666666667,0.5430549510775827,0.0,1,1,0,0,0,0.05576965220715598,0.0014814814814814816,0.007268079813571818,0
0.6386554621848739,0.4500268187882476,0.3870967741935484,0.09999999999999998,0.0,0.8046347341102891,0.5,0,1,0,0,0,0.03516978577527346,0.0,0.007826563951845554,0
0.6470588235294117,0.2097325636330191,1.0,0.725,0.0,0.9584300498089849,0.0,0,0,0,0,0,0.006361676651994097,0.0,0.0036427464782706736,0
0.24369747899159663,0.37764572544453817,0.1935483870967742,0.8500000000000001,0.0,0.5028088076470494,0.0,0,1,0,0,0,0.055783776812412575,0.0,0.017363901349774006,0
0.7310924369747899,0.22316479793361071,0.967741935483871,0.475,0.0,0.7422566371681416,0.25,0,0,0,0,1,0.007022589942111337,0.0,0.0033967853721077732,0
0.7310924369747899,0.4599088996216799,1.0,0.44999999999999996,0.0,0.2890936054290182,0.5,1,0,1,0,0,0.014103338467184614,0.0,0.006959392326374474,0
0.3361344537815126,0.12826065013294374,0.5161290322580645,0.15000000000000002,0.0,0.7765869561713171,0.25,0,0,0,0,1,0.00795770735786222,0.0,0.004569816477695254,0
0.3361344537815126,0.8752426564124369,0.8387096774193548,0.44999999999999996,0.0,0.0,0.0,1,0,0,1,0,0.03210046032660416,0.0,0.02869650400141064,0
0.8571428571428571,0.08366866369493317,0.9032258064516129,0.575,0.0,0.21852483195512357,0.25,0,0,0,0,1,0.0028006065864978735,0.0,0.0010648692775144365,0
0.9579831932773109,0.14214051915312553,0.25806451612903225,0.09999999999999998,0.06666666666666667,0.6347683640408144,0.5,0,0,0,1,0,0.017292217913433702,0.0011594202898550724,0.0015957163199323858,0
0.5462184873949579,0.11171513191184476,0.6129032258064516,0.025000000000000022,0.16666666666666666,0.9398483969244161,0.0,0,1,0,0,0,0.005821017788216159,0.005050505050505051,0.0023930300271559,0
0.9243697478991596,0.08539915501169557,1.0,0.7,0.16666666666666666,0.6838096619759176,0.0,0,0,0,0,1,0.002514201637731327,0.003003003003003003,0.0009871108127865772,0
0.04201680672268907,0.884124394806946,0.6774193548387096,0.025000000000000022,0.0,0.7389924561148992,0.0,0,0,1,0,0,0.039983423382155776,0.0,0.19980586191235586,0
0.15966386554621848,0.0804467456718479,0.6451612903225806,0.175,0.06666666666666667,0.8346329609749021,0.0,0,0,0,0,0,0.004030083417447629,0.006666666666666667,0.006517739970489236,0
0.3277310924369748,0.040635028137214944,0.4838709677419355,0.525,0.5,0.587431693989071,0.5,0,0,0,0,0,0.0030835443263964066,0.025,0.0017906085803973113,1
0.7310924369747899,0.3512249416040533,0.8709677419354839,0.32499999999999996,0.0,0.881584780050615,0.0,0,0,0,0,1,0.012392377134157162,0.0,0.005323878613931518,0
0.42857142857142855,0.07638450971022692,0.5806451612903225,0.44999999999999996,0.0,0.5496901042925996,0.0,0,1,0,0,0,0.004329491586732224,0.0,0.0022184611815108273,0
0.7983193277310924,0.08857641598658472,0.4838709677419355,0.025000000000000022,0.06666666666666667,0.6719699534148976,0.0,0,0,0,1,0,0.006050619611226917,0.0013888888888888887,0.001232125138747402,0
0.3949579831932773,0.4439944538483938,0.03225806451612903,0.42500000000000004,0.5,0.4633303512420007,1.0,0,0,1,0,0,0.23015755270341098,0.020833333333333332,0.012570228762551738,1
0.6050420168067226,0.2427903017170983,0.7419354838709677,0.375,0.06666666666666667,0.9280107032899721,0.5,0,0,1,0,0,0.010121382163194805,0.0018264840182648401,0.0045125134700777485,0
0.4621848739495798,0.7391633594117942,0.3548387096774194,0.875,0.0,0.7984126408433677,0.25,0,0,0,1,0,0.062028808269393575,0.0,0.017711533009841313,0
0.5210084033613445,0.612490920211076,0.6129032258064516,0.875,0.0,0.1687178619211116,0.0,0,0,0,1,0,0.03061528481064985,0.0,0.013047554788603566,0
0.6302521008403361,0.7390880850656598,0.4838709677419355,0.725,0.0,0.7068785563454067,0.5,0,0,0,0,1,0.04631055330114701,0.0,0.012970217776613288,0
0.5546218487394958,0.11311640541133725,0.3870967741935484,0.2,1.0,0.6447603849315731,0.5,0,0,0,0,1,0.009506690949862137,0.029850746268656716,0.002380524531263204,1
0.3445378151260504,0.7440930718375954,0.3548387096774194,0.675,0.06666666666666667,0.9134992020890759,0.0,0,0,0,0,1,0.062435605779327254,0.003174603174603174,0.023870970771233735,0
0.8487394957983193,0.9716297988828289,0.45161290322580644,0.7749999999999999,0.0,0.7018049712268485,0.25,0,1,0,0,0,0.06480434671484163,0.0,0.012606553262666922,0
0.453781512605042,0.7971731106118655,0.7419354838709677,0.22499999999999998,0.0,0.43767630607540664,0.0,0,0,0,0,1,0.03299508418971639,0.0,0.01943574538217963,0
0.29411764705882354,0.31851222117281114,0.8387096774193548,0.8,0.0,0.31553951674001,0.75,0,1,0,0,0,0.011682180746423099,0.0,0.012244620953288111,0
0.9831932773109243,0.1908684195424482,0.6774193548387096,0.475,0.06666666666666667,0.6190479068942728,0.0,0,1,0,0,0,0.008779522686790638,0.0011299435028248588,0.002094356522921492,0
0.2689075630252101,0.7901503088294802,0.0,0.44999999999999996,0.0,0.4882509631349034,0.5,1,0,1,0,0,0.8039160679255454,0.0,0.03231141202148354,0
0.5378151260504201,0.45651625332359363,0.03225806451612903,0.04999999999999999,0.16666666666666666,0.6630680078017958,0.0,0,0,1,0,0,0.2363573101007067,0.005128205128205128,0.00945915162219406,0
0.14285714285714285,0.5473410350300365,0.29032258064516125,0.2,0.0,0.5188435933394587,0.0,0,1,0,0,0,0.055604781603878085,0.0,0.04162458696672175,0
0.680672268907563,0.038723739220193794,0.4838709677419355,0.09999999999999998,0.0,0.6095455131615004,0.5,0,0,1,0,0,0.0029652553414032767,0.0,0.0006886965695323084,0
0.6638655462184874,0.014313320726756416,0.5483870967741935,0.44999999999999996,0.0,0.0,0.0,0,0,0,0,1,0.0012011610701816232,0.0,0.0003093559597023516,0
0.8739495798319328,0.04543381886855658,0.8709677419354839,0.55,0.0,0.4491331785869723,0.5,0,0,0,0,1,0.0015779183807216029,0.0,0.0005566467962065968,0
0.6302521008403361,0.407098153899731,0.9354838709677419,0.6,0.0,0.5888078888405307,0.75,0,0,1,0,0,0.013355432500288334,0.0,0.007185492537338957,0
0.03361344537815126,0.01846937332858411,0.967741935483871,0.44999999999999996,0.0,0.3852600061253768,0.5,1,1,0,0,0,0.00048399569653932034,0.0,0.010557640881668736,0
0.9663865546218487,0.2047301146585062,0.7096774193548387,0.55,0.0,0.9408095169012042,0.0,0,0,1,0,0,0.00895870642057752,0.0,0.002293891737896128,0
0.4453781512605042,0.1262470306746849,0.4838709677419355,0.575,0.0,0.5953866241114174,0.0,0,0,0,0,1,0.008382040431930266,0.0,0.0033479570623495287,0
0.40336134453781514,0.6760665932779313,0.12903225806451613,0.22499999999999998,0.0,0.2705925496074923,0.0,0,0,0,0,1,0.13752883149765108,0.0,0.018579449905482166,0
0.5714285714285714,0.07257425247334964,0.4838709677419355,0.44999999999999996,0.16666666666666666,0.3059202572658252,0.75,0,1,0,0,0,0.005060251455571606,0.004830917874396135,0.0015247254892080963,0
0.24369747899159663,0.15218661537805364,0.8709677419354839,0.42500000000000004,0.16666666666666666,0.9482808646452924,0.0,0,0,0,1,0,0.005353285383983016,0.01111111111111111,0.007411727600782647,0
0.06722689075630252,0.9950361296395338,0.4193548387096774,0.125,0.16666666666666666,0.13441373696342507,0.0,0,1,0,0,0,0.07114775200383708,0.037037037037037035,0.14942323100963772,0
0.05042016806722689,0.9647464940942588,0.12903225806451613,0.8,0.0,0.4320748101939165,0.0,0,0,0,0,1,0.19470097689356844,0.0,0.18647126546710638,0
0.8991596638655461,0.6428751091764544,0.12903225806451613,0.32499999999999996,1.0,0.2374651417702339,0.0,0,1,0,0,0,0.13095536258073026,0.018518518518518517,0.007858432525131666,1
0.1680672268907563,0.5435467413575923,0.45161290322580644,0.44999999999999996,0.16666666666666666,0.901931508615826,0.0,0,0,0,0,1,0.03654417949946683,0.015873015873015872,0.03539602443525301,0
0.1680672268907563,0.3113828728308893,0.9032258064516129,0.15000000000000002,0.06666666666666667,0.5304536002708061,1.0,0,0,0,0,1,0.01057613798651521,0.006349206349206348,0.02075583309327536,0
0.9831932773109243,0.11970868214062722,0.22580645161290322,0.675,0.06666666666666667,0.21977207150571434,0.25,0,0,0,0,0,0.01678034557090688,0.0011299435028248588,0.0012957667479567597,0
0.8991596638655461,0.5847166103016401,0.9032258064516129,0.025000000000000022,0.0,0.5984009542692265,0.0,0,0,0,1,0,0.019909394204703182,0.0,0.007145315428185217,0
0.9915966386554621,0.8605317406007557,0.45161290322580644,0.95,0.0,0.18644317101084837,0.25,0,1,0,0,0,0.05747013983801434,0.0,0.00952637117974935,0
0.9831932773109243,0.6373206483302889,0.6129032258064516,0.575,0.0,0.31124570820639297,0.25,0,0,0,0,1,0.03184464717893258,0.0,0.007104664288771414,0
0.7394957983193277,0.8869995760241015,0.45161290322580644,0.8,0.0,0.8437968470428938,0.0,0,0,1,0,0,0.059217430326960356,0.0,0.013232615055244453,0
0.01680672268907563,0.9777806625894359,0.8064516129032258,0.7749999999999999,0.06666666666666667,0.1256024630462466,0.5,0,1,0,0,0,0.0372721019974062,0.04444444444444444,0.4412537786430044,0
0.01680672268907563,0.39841076166914047,0.3548387096774194,0.9750000000000001,0.16666666666666666,0.22418073085416768,0.0,0,0,0,0,1,0.03391006699360433,0.11111111111111112,0.18550940365658747,0
0.0,0.07601951713574032,0.6129032258064516,0.275,0.0,0.0,0.5,0,0,0,0,0,0.004053666760135272,0.0,0.13020115704908233,0
0.9159663865546218,0.8315963883704369,0.3225806451612903,0.44999999999999996,0.0,0.11801827941389816,0.0,1,0,0,0,1,0.07606378434029226,0.0,0.009982043004333961,0
0.4117647058823529,0.4231890175261109,0.4838709677419355,0.675,0.0,0.7529196286087335,0.0,0,0,0,0,0,0.026759673407086505,0.0,0.011504366581059489,0
0.7983193277310924,0.30603045340534346,0.6774193548387096,0.725,0.16666666666666666,0.38110925737866114,0.0,0,1,0,0,0,0.013963040459086841,0.0034722222222222225,0.004231754930504573,0
0.2857142857142857,0.7333954165904987,0.6774193548387096,0.65,0.0,0.44077727807598693,0.0,0,1,0,0,0,0.03319901439615978,0.0,0.028300506312850422,0
0.1092436974789916,0.2311280173899703,0.16129032258064516,0.65,0.0,0.6704688331157213,0.0,0,0,1,0,0,0.04103752679460062,0.0,0.02369271549833598,0
0.3949579831932773,0.6963553422313968,0.5161290322580645,0.09999999999999998,0.0,0.48142439189515934,0.0,0,1,0,0,0,0.04104869707005493,0.0,0.01953252063860646,0
0.6302521008403361,0.30375054941267593,0.06451612903225806,0.44999999999999996,0.06666666666666667,0.5982095362444992,0.0,1,1,0,0,0,0.10687173672033252,0.0017543859649122805,0.005384722574240261,0
0.8151260504201681,0.38106446603064004,0.6774193548387096,0.75,0.0,0.6711962216096845,0.25,0,0,0,0,0,0.01734036999143055,0.0,0.005153179909868031,0
0.3277310924369748,0.212606373620922,0.8387096774193548,0.55,0.0,0.6178167867562906,0.25,0,1,0,0,0,0.0077980474790191575,0.0,0.007483953738185503,0
0.1764705882352941,0.020784090171380734,0.45161290322580644,0.44999999999999996,0.06666666666666667,0.6821916759353289,0.0,1,0,0,1,0,0.0020336804811681122,0.006060606060606061,0.0023066047925234157,0
0.5042016806722689,0.29472779953234124,0.6129032258064516,0.44999999999999996,0.0,0.7080673630252914,0.0,1,0,0,0,1,0.014882288431674419,0.0,0.006586847721562584,0
0.0,0.6746585454966089,0.45161290322580644,0.8,0.0,0.611562454664152,0.5,0,0,0,0,1,0.04519960615965333,0.0,0.9229515082880995,0
0.07563025210084033,0.06950026348067759,0.6451612903225806,0.8,0.06666666666666667,0.5975244612086336,0.25,0,0,0,0,0,0.0035139128624507355,0.013333333333333334,0.011886368007085577,0
0.19327731092436973,0.4873262601371704,0.7096774193548387,0.44999999999999996,0.06666666666666667,0.9963308187049664,0.25,1,1,0,0,0,0.021125505726467642,0.005555555555555555,0.027831868864674186,0
0.7899159663865546,0.5931924853034923,0.6129032258064516,0.275,0.5,0.2060121379176943,0.0,0,0,0,0,0,0.029659786243439224,0.010526315789473684,0.008282363480279834,1
0.2857142857142857,0.46253083321538035,0.22580645161290322,0.7,0.0,0.6539262859261409,0.0,0,1,0,0,0,0.05921462531025336,0.0,0.018052117482473866,0
0.7815126050420168,1.0,0.5806451612903225,0.625,0.5,0.0,0.0,0,0,1,0,0,0.052466107292485874,0.010638297872340425,0.01410469831645611,1
0.19327731092436973,0.9594219904403627,0.5161290322580645,0.875,0.0,0.5238124022760611,0.0,0,1,0,0,0,0.05637208570681282,0.0,0.05388082033944965,0
0.20168067226890757,0.7633062040060032,0.3548387096774194,0.4,0.06666666666666667,0.840282815094218,0.25,0,1,0,0,0,0.06402106425013548,0.005333333333333333,0.041325280782481016,0
0.4789915966386554,0.4084923461257698,0.6129032258064516,0.04999999999999999,0.0,0.9093222592968713,0.0,0,0,0,0,1,0.020514965992830977,0.0,0.009540557786584395,0
0.23529411764705882,0.25942758996757925,0.9354838709677419,0.275,0.16666666666666666,0.337296693908474,0.0,0,1,0,0,0,0.008481150797063857,0.011494252873563218,0.012574711667612107,0
0.11764705882352941,0.7044908044547677,0.967741935483871,0.625,0.0,0.5561378693360414,0.5,0,0,0,0,1,0.022397606079165293,0.0,0.06388335180477096,0
0.5378151260504201,0.14075373565827232,0.3548387096774194,0.475,0.0,0.8017574189596531,0.5,0,0,0,0,1,0.012648332526181347,0.0,0.0030260763161644795,0
0.7647058823529411,0.32902212034284495,0.5161290322580645,0.42500000000000004,0.0,0.9850230507600304,1.0,0,1,0,0,0,0.019651877075908444,0.0,0.004759752302668349,0
0.23529411764705882,0.034896229054063845,0.0,0.025000000000000022,0.06666666666666667,0.9795545400325613,0.25,0,1,0,0,0,0.05603760569666941,0.004597701149425287,0.002321724198758845,0
0.5882352941176471,0.3116736143646538,0.9032258064516129,0.44999999999999996,0.0,0.4597196028176733,1.0,1,0,0,1,0,0.010586065649499673,0.0,0.005932865814650695,0
0.5294117647058824,0.5650462857410905,0.9354838709677419,0.825,0.0,0.29227920434579363,0.0,0,0,0,0,0,0.018568954197453073,0.0,0.011857292285090724,0
0.15966386554621848,0.234122106696044,1.0,0.15000000000000002,0.0,0.8590760352692748,0.25,0,1,0,0,0,0.007116406684612061,0.0,0.01669300341449539,0
0.8487394957983193,0.679904172769319,0.8709677419354839,0.025000000000000022,0.0,0.5782456437287425,0.25,0,0,1,0,0,0.024016285496017094,0.0,0.008819112712296826,0
0.7731092436974789,0.933418162623205,0.8709677419354839,0.25,0.16666666666666666,0.8038106291406741,0.0,0,0,0,0,1,0.03298193682744955,0.0035842293906810036,0.013311514335336512,0
0.13445378151260504,0.32372655576601084,0.0967741935483871,0.8,0.06666666666666667,0.6156890242919548,0.0,0,0,1,0,0,0.08489263979188476,0.00784313725490196,0.02667179965267987,0
0.5378151260504201,0.6009587184679693,0.22580645161290322,0.22499999999999998,0.06666666666666667,0.14028321807953317,0.0,0,1,0,0,0,0.07634912956594149,0.0020512820512820513,0.012401898793494471,0
0.4789915966386554,0.7980117093973084,0.03225806451612903,0.8,0.0,0.7902058448990119,0.75,0,0,1,0,0,0.4054375596390499,0.0,0.018434052963049046,0
0.12605042016806722,0.474586721736325,0.8387096774193548,0.44999999999999996,0.0,0.6218708190273546,0.25,1,1,0,0,0,0.017406266562696664,0.0,0.04084364433572867,0
0.15966386554621848,0.7267203544533474,0.22580645161290322,0.8999999999999999,0.0,0.0,0.0,0,1,0,0,0,0.0919158145807547,0.0,0.049309272604174996,0
0.7731092436974789,0.0754836939557115,0.8387096774193548,0.6,0.06666666666666667,0.10149185163692635,0.0,0,1,0,0,0,0.0027690261915754542,0.0014336917562724014,0.001095132915978827,0
0.15966386554621848,0.6709540571071549,0.29032258064516125,0.625,0.0,0.5811269887325305,0.0,0,1,0,0,0,0.06784536650611253,0.0,0.045616834447449614,0
0.5210084033613445,0.5460033292627609,0.7741935483870968,0.525,1.0,0.4132110675886971,0.25,0,0,0,0,0,0.021693580881783227,0.031746031746031744,0.011649991565225249,1
0.6890756302521008,0.6593668015328624,0.6129032258064516,0.25,0.06666666666666667,0.28851733642826055,0.0,0,0,0,0,1,0.03293618998530218,0.001606425702811245,0.01057905936591242,0
0.6554621848739496,0.9099916113515515,1.0,0.04999999999999999,0.16666666666666666,0.39514523590760353,0.25,0,1,0,0,0,0.028031067200227047,0.0042194092827004225,0.015331074061009375,0
0.5714285714285714,0.36621116750388055,0.12903225806451613,0.625,0.0,0.19531892257846126,0.25,0,1,0,0,0,0.07616294005881778,0.0,0.00716023228405518,0
0.058823529411764705,0.9710724248908154,0.0967741935483871,0.725,0.0,0.12657365765591502,1.0,0,0,0,1,0,0.2451486536605015,0.0,0.1641719398792427,0
1.0,0.08521450978308626,0.3870967741935484,0.5,0.0,0.793649354417525,0.0,0,0,0,1,0,0.007381351497930527,0.0,0.0008885038012661872,0
0.15126050420168066,0.9963900650306496,0.8064516129032258,0.8,0.06666666666666667,0.8706235794767639,0.0,0,0,1,0,0,0.037980858450948694,0.007017543859649122,0.0707156434934815,0
0.2689075630252101,0.902426580497256,0.3548387096774194,0.275,0.0,0.35871133355900514,0.25,0,0,0,0,1,0.07550121113283746,0.0,0.036816937589843536,0
0.7563025210084033,0.9323866503014208,0.5161290322580645,0.25,0.16666666666666666,0.26639747247610296,0.25,0,0,0,0,1,0.054797302180674336,0.003663003663003663,0.013595668241734839,0
0.3445378151260504,0.7980270794446023,0.03225806451612903,0.65,0.0,0.0,0.0,0,0,0,1,0,0.40544516961272786,0.0,0.025571502805389255,0
0.36134453781512604,0.07358470516974713,0.0,0.44999999999999996,0.5,0.9241541338233635,0.0,1,0,0,0,0,0.09434826008198534,0.022727272727272724,0.002592185774783545,1
0.7478991596638656,0.421217148928677,0.3225806451612903,0.44999999999999996,0.06666666666666667,0.6195516385382916,0.0,1,0,0,0,1,0.03912091333194794,0.0014814814814814816,0.006228753812740737,0
0.19327731092436973,0.6208535767021028,0.5806451612903225,0.275,0.16666666666666666,0.23268372100520657,0.25,0,1,0,0,0,0.032705908523216747,0.01388888888888889,0.035199541068621214,0
0.23529411764705882,0.4321691365029659,0.5806451612903225,0.5,0.0,0.7850536776439867,0.25,0,0,0,0,1,0.022872129766786896,0.0,0.02046277195804008,0
0.4789915966386554,0.1571390656501178,0.6774193548387096,0.575,1.0,0.9345451101761852,0.0,0,0,0,0,1,0.007261342610558985,0.034482758620689655,0.0038016667370515175,1
0.3949579831932773,0.3983696247915629,0.22580645161290322,0.275,0.0,0.6613694246981641,0.5,0,0,0,0,0,0.05127279699450633,0.0,0.01131150210833794,0
0.8571428571428571,0.7832947151514774,0.3870967741935484,0.32499999999999996,0.0,0.9972596998565373,0.0,0,1,0,0,0,0.06055542328320887,0.0,0.01005984848337688,0
0.37815126050420167,0.35897318505938075,0.3870967741935484,0.175,0.0,0.9875679030256138,0.0,0,0,0,0,1,0.028234060597886218,0.0,0.010682220763334499,0
0.680672268907563,0.5579818558945298,0.9032258064516129,0.175,0.0,0.49299611522156134,0.25,0,1,0,0,0,0.018996509044163525,0.0,0.009074426225560421,0
0.9915966386554621,0.7697350383948284,0.7096774193548387,0.75,0.06666666666666667,0.2622245595370505,0.0,0,1,0,0,0,0.03328423818710543,0.0011204481792717086,0.008515968406952143,0
0.3277310924369748,0.27077682470295283,0.967741935483871,0.44999999999999996,0.0,0.1807590631397392,0.25,1,0,0,0,1,0.008543462843177618,0.0,0.009409765594007798,0
0.40336134453781514,0.7689016380008804,0.22580645161290322,0.6,0.0,0.2728915808307945,0.0,0,1,0,0,0,0.09713698357525882,0.0,0.02108837263925748,0
0.15966386554621848,0.037782400571348254,0.03225806451612903,0.875,0.16666666666666666,0.46433781453003853,0.5,0,0,0,0,1,0.02903500740447748,0.016666666666666666,0.003692817691665208,0
0.37815126050420167,0.28577672196308945,0.9032258064516129,0.8999999999999999,0.0,0.695764221351774,0.5,0,0,0,1,0,0.00970179013241496,0.0,0.00857503084260348,0
0.3025210084033613,0.417972186067705,0.12903225806451613,0.025000000000000022,0.0,0.5055833615423054,0.0,0,1,0,0,0,0.08641404680647666,0.0,0.015465301811498373,0
0.4369747899159664,0.4537776833789905,0.25806451612903225,0.8,0.0,0.1419132936795783,0.0,0,1,0,0,0,0.05158041742959486,0.0,0.011600453986890448,0
0.008403361344537815,0.976894111712369,0.967741935483871,0.09999999999999998,0.06666666666666667,0.21280042555249287,0.0,0,0,0,1,0,0.031098995964875514,0.06666666666666667,0.6614438989051844,0
0.025210084033613446,0.49988780479458694,0.3225806451612903,0.825,0.0,0.0,0.0,0,1,0,0,0,0.046202947734442654,0.0,0.17265228708615113,0
0.680672268907563,0.7775037070261869,0.1935483870967742,0.44999999999999996,1.0,0.30818503473733416,0.0,1,0,1,0,0,0.11234850126044205,0.024390243902439025,0.012619581973863253,1
0.8739495798319328,0.28754485045291905,0.1935483870967742,0.44999999999999996,0.06666666666666667,0.1320582877959927,0.0,1,0,1,0,0,0.043037923531535634,0.0012698412698412698,0.0036101381520253642,0
0.2184873949579832,0.7799326042868965,0.5806451612903225,0.09999999999999998,0.5,0.5178925479955511,0.0,0,0,0,0,0,0.04099672445062366,0.037037037037037035,0.039057357086256496,1
0.9495798319327731,0.20169200275359206,1.0,0.475,0.0,0.7264031948675791,0.75,0,1,0,0,0,0.0061128629387106935,0.0,0.0023041155274949594,0
0.42857142857142855,0.057136134903416756,1.0,0.44999999999999996,0.0,0.8335247513580605,0.0,1,0,1,0,0,0.0016396075531647475,0.0,0.0017282737870156053,0
0.1092436974789916,0.336470453447913,0.9032258064516129,0.175,0.0,0.7812817350935732,0.0,0,0,1,0,0,0.011432778736244043,0.0,0.033657014185973555,0
0.13445378151260504,0.9145463028098247,0.3225806451612903,0.04999999999999999,0.16666666666666666,0.6588789754501346,0.0,0,1,0,0,0,0.08353104314572313,0.0196078431372549,0.07269507222680324,0
0.3949579831932773,0.3407770138097931,0.3225806451612903,0.75,0.16666666666666666,0.37865507680900107,0.25,0,1,0,0,0,0.03187958811375923,0.006944444444444445,0.009722600713480738,0
0.2857142857142857,0.419668417119261,0.7741935483870968,0.30000000000000004,0.5,0.70739034769573,0.0,0,0,0,0,0,0.01668953456943248,0.02857142857142857,0.016430381997941806,1
0.7563025210084033,0.47832954314652665,0.3870967741935484,0.44999999999999996,0.16666666666666666,0.8678490255815078,0.5,0,0,1,0,0,0.03732565709947448,0.003663003663003663,0.006988117584536408,0
0.6722689075630252,0.16318248228842525,0.6451612903225806,0.44999999999999996,0.06666666666666667,0.81692578622435,0.0,0,0,0,0,1,0.007931405352809012,0.0016460905349794238,0.0027356621511426555,0
0.26050420168067223,0.25725173566924214,0.8709677419354839,0.0,0.5,0.38833276915389203,0.5,0,0,0,1,0,0.009068966858479624,0.03125,0.011277619109965494,1
0.31092436974789917,0.3288705074129472,0.7096774193548387,0.35,0.0,0.952619001563583,0.25,0,0,0,0,1,0.01430340509592337,0.0,0.011945326280406857,0
0.09243697478991596,0.31599452146841545,0.4193548387096774,0.07500000000000001,0.0,0.9551376597836775,0.5,0,0,1,0,0,0.023118447570529096,0.0,0.03705698480419274,0
0.5966386554621849,0.1474165385965833,0.7096774193548387,0.9750000000000001,0.0,0.8330411689798024,0.0,0,0,1,0,0,0.006491147012549671,0.0,0.002825206127470285,0
0.6302521008403361,0.5894061938793729,0.3870967741935484,0.725,0.0,0.5356440511307768,0.75,0,1,0,0,0,0.045786572842844875,0.0,0.010362100684728157,0
0.6890756302521008,0.4217844489831905,0.16129032258064516,0.32499999999999996,0.0,0.8985665812337799,0.0,0,1,0,0,0,0.07250328176198469,0.0,0.006788463349710791,0
0.8151260504201681,0.6734724731253393,0.03225806451612903,0.44999999999999996,0.16666666666666666,0.363454470719087,0.0,0,0,0,0,1,0.3437760506155335,0.003401360544217687,0.009104430747992902,0
0.5546218487394958,0.7978250584900908,0.6774193548387096,0.2,0.0,0.4921317117204249,0.75,0,0,0,0,1,0.03609903433021914,0.0,0.015913784653146402,0
0.6638655462184874,0.29832846335465546,0.6451612903225806,0.44999999999999996,0.16666666666666666,0.7887027096732595,0.0,1,1,0,0,0,0.014304080595347143,0.004166666666666667,0.0050107096429887026,0
0.19327731092436973,0.8894776942751466,0.5161290322580645,0.725,0.0,0.5209431468317295,1.0,0,0,0,1,0,0.052297895229376334,0.0,0.05002148533640923,0
0.9831932773109243,0.4182451220872942,0.45161290322580644,0.25,0.0,0.6442848622596192,0.25,0,1,0,0,0,0.02827231577889176,0.0,0.004646090359320736,0
0.7815126050420168,0.5135334596719839,0.45161290322580644,0.65,0.0,0.20480519689862503,1.0,0,0,1,0,0,0.034562834187599555,0.0,0.0072514489184184,0
0.18487394957983191,0.1839966576389299,0.6129032258064516,0.7749999999999999,0.16666666666666666,0.8902066508696423,0.25,0,0,0,0,1,0.009399799932921955,0.014492753623188406,0.011590425256454902,0
0.2689075630252101,0.9381237302314791,0.7419354838709677,0.8999999999999999,0.0,0.9865644695907282,0.5,0,1,0,0,0,0.03881067302455095,0.0,0.03824942566996989,0
0.31932773109243695,0.4537504225228048,0.7741935483870968,0.5,0.0,0.18478488643873817,0.5,0,0,0,1,0,0.01803950134079811,0.0,0.015871658758966387,0
0.04201680672268907,0.8333615902067871,0.0967741935483871,0.7749999999999999,0.0,0.598415058755259,0.0,0,1,0,0,0,0.2110571571583007,0.0,0.18860205091492258,0
0.5966386554621849,0.4911861067543315,0.03225806451612903,0.525,0.5,0.4606625884552767,0.25,0,0,1,0,0,0.2535229483698776,0.01388888888888889,0.009147961043932298,1
0.9495798319327731,0.11501731801147691,0.3870967741935484,0.44999999999999996,1.0,0.7429215629382465,1.0,1,0,1,0,0,0.009651487009512651,0.017543859649122806,0.0012972792967032394,1
0.15126050420168066,0.7384344180343416,0.6774193548387096,0.725,0.0,0.8762976127149927,0.25,0,1,0,0,0,0.033425823116557014,0.0,0.0527367543560627,0
0.2773109243697479,0.20128693753915677,1.0,0.025000000000000022,0.06666666666666667,0.4131586794977191,0.0,0,0,1,0,0,0.006100328268351632,0.00392156862745098,0.008416800627605924,0
0.9915966386554621,0.36693765294834346,0.03225806451612903,0.7,1.0,0.9266607024840015,0.0,0,0,0,1,0,0.19200541072587743,0.01680672268907563,0.004033563371937273,1
0.3445378151260504,0.5755349410907633,0.1935483870967742,0.7749999999999999,0.06666666666666667,0.8584655125167239,0.0,0,0,1,0,0,0.08377758829015033,0.003174603174603174,0.01855635549100145,0
0.03361344537815126,0.6619906384746298,0.9354838709677419,0.44999999999999996,0.0,0.0,0.25,1,0,0,0,1,0.021768874832801495,0.0,0.1809948107972852,0
0.11764705882352941,0.4935233158500921,1.0,0.32499999999999996,0.0,0.6280062704515048,0.0,0,1,0,0,0,0.015143530544213094,0.0,0.04525837717976734,0
0.7983193277310924,0.8896615822577507,0.7741935483870968,0.44999999999999996,0.16666666666666666,0.8412519947773104,0.25,0,0,0,1,0,0.03530566786891113,0.0034722222222222225,0.01228254737512223,0
0.9747899159663865,0.6524342757539571,0.0967741935483871,0.475,0.0,0.8645163370246789,0.0,0,0,0,0,1,0.16626705097694142,0.0,0.007339018410616641,0
0.05042016806722689,0.9912134699410584,1.0,0.6,0.0,0.34921296967938487,0.75,0,1,0,0,0,0.030544463036473086,0.0,0.19147826668266477,0
0.7731092436974789,0.28349831199632397,0.9032258064516129,0.32499999999999996,0.0,0.5689386978738495,0.5,0,1,0,0,0,0.009623991525529957,0.0,0.004057114288207622,0
0.3025210084033613,0.7618807804987787,0.22580645161290322,0.475,0.0,0.2823617357383497,0.5,0,1,0,0,0,0.09626794687409972,0.0,0.027774016950301007,0
0.5546218487394958,0.18892389366563306,0.8387096774193548,0.275,0.06666666666666667,0.6428401599045731,0.0,0,1,0,0,0,0.006929484407429596,0.001990049751243781,0.0038788588273451774,0
0.025210084033613446,0.6905788241107456,0.7741935483870968,0.375,0.0,0.5129600077373181,0.0,0,1,0,0,0,0.027420125188305437,0.0,0.23578314114812648,0
0.15966386554621848,0.12078200672156114,0.8064516129032258,0.625,0.0,0.725814836307365,0.0,0,1,0,0,0,0.004632508655150386,0.0,0.009188447262330065,0
0.7310924369747899,0.43427863967836444,0.9354838709677419,0.6,0.06666666666666667,0.6782827183777423,1.0,0,1,0,0,0,0.014252600771254087,0.0015151515151515152,0.006573699328480789,0
0.11764705882352941,0.08263297628706648,0.7096774193548387,0.22499999999999998,0.16666666666666666,0.1154754420748908,0.0,0,0,1,0,0,0.0037019773315356452,0.02222222222222222,0.008983488576619493,0
0.5210084033613445,0.826155002772339,0.6129032258064516,0.44999999999999996,0.0,0.0,0.0,1,0,0,0,0,0.041194159508485165,0.0,0.017538754720582094,0
0.453781512605042,0.9676313557806154,0.3870967741935484,0.44999999999999996,0.0,0.0,0.0,1,0,0,0,1,0.07459668915221909,0.0,0.023539928593133207,0
0.8067226890756303,0.6505400760373227,0.9032258064516129,0.4,0.0,0.9349581701242807,0.25,0,0,0,0,0,0.022157002848133017,0.0,0.00888831306113653,0
0.15966386554621848,0.6758073900169762,0.7741935483870968,0.04999999999999999,0.0,0.8343186324290343,1.0,0,0,0,0,1,0.02683503798595635,0.0,0.04593818681395632,0
0.19327731092436973,0.6183742100184547,0.5483870967741935,0.5,0.06666666666666667,0.17030763898963522,0.5,0,0,1,0,0,0.034432371383936046,0.005555555555555555,0.03506273639472797,0
0.5210084033613445,0.4737901808033308,0.8709677419354839,0.7,1.0,0.9659255766719861,0.5,0,0,1,0,0,0.016726959224272513,0.031746031746031744,0.010132077634342852,1
0.25210084033613445,0.9234444345570402,0.4193548387096774,0.44999999999999996,0.06666666666666667,0.5687815336009155,0.25,1,0,0,0,1,0.0660839985067949,0.004301075268817204,0.040109447972005295,0
0.4453781512605042,0.31639598464779917,1.0,0.6,0.0,0.23399946805938393,0.0,0,0,1,0,0,0.009662357071205047,0.0,0.008011023429883742,0
0.5546218487394958,0.9148002462809602,0.8387096774193548,0.04999999999999999,0.0,0.9786720021922402,0.0,0,1,0,0,0,0.033551248496835946,0.0,0.018225798145398694,0
0.7731092436974789,0.4480461702303755,0.22580645161290322,0.0,0.0,0.10236028499121493,0.0,0,0,0,0,1,0.0574217241248751,0.0,0.0064001596737691705,0
0.9579831932773109,0.8159865192200907,0.8064516129032258,0.22499999999999998,0.06666666666666667,0.27281098376775154,0.0,0,0,1,0,0,0.031110021101974517,0.0011594202898550724,0.009355225123509897,0
0.29411764705882354,0.9317030618198447,0.4193548387096774,0.32499999999999996,0.0,0.1878092912294276,0.0,0,1,0,0,0,0.06666813962308789,0.0,0.034800750183734776,0
0.7058823529411764,0.9648872395206772,0.4193548387096774,0.55,0.0,0.2884065154665764,0.0,0,0,0,0,1,0.06901529030425885,0.0,0.015082914611117937,0
0.1680672268907563,0.9537936264773154,0.3870967741935484,0.65,0.0,0.6677124135596499,0.75,0,0,0,0,1,0.07354264349147639,0.0,0.0612660830870034,0
0.6302521008403361,0.6188434160161378,0.3225806451612903,0.95,0.0,0.6435433692796234,0.25,0,0,1,0,0,0.056911486029543656,0.0,0.010875026607724174,0
0.07563025210084033,0.3338650974018931,0.29032258064516125,0.375,0.0,0.3851612747231491,0.0,0,0,0,0,1,0.03446566296400548,0.0,0.046894996749539175,0
0.6554621848739496,0.023846372550135213,0.967741935483871,0.675,0.0,0.0,0.5,0,0,0,0,1,0.0006557534006322135,0.0,0.0004768752291137715,0
0.48739495798319327,0.9640400449697704,0.7096774193548387,0.8,0.0,0.3158357109466931,1.0,0,0,0,0,0,0.04164978052358243,0.0,0.02184302272112662,0
0.48739495798319327,0.03208240522943449,0.3548387096774194,0.04999999999999999,0.0,0.6142080532585392,0.25,0,0,1,0,0,0.0036808263511233738,0.0,0.000925243398971554,0
0.10084033613445378,0.16132829381341474,0.0,0.625,0.0,0.716032367780518,0.0,0,1,0,0,0,0.18123496735377198,0.0,0.018428146811063542,0
0.7563025210084033,0.464799419450187,0.8064516129032258,0.44999999999999996,0.0,0.30072779147927853,0.0,1,0,0,0,0,0.017734732768613242,0.0,0.00679122389800894,0
0.8655462184873949,0.9168585637196317,0.4838709677419355,0.44999999999999996,0.0,0.2569313474217,0.0,1,0,0,0,1,0.057312704412081604,0.0,0.01166092714990626,0
0.8319327731092436,0.2425253679458339,0.06451612903225806,0.15000000000000002,0.06666666666666667,0.8131679481599691,0.25,0,0,0,0,0,0.08666264603537101,0.0013333333333333333,0.0032094966316277927,0
0.48739495798319327,0.9728832252163411,0.9354838709677419,0.575,0.16666666666666666,0.8550240179247869,0.0,0,0,0,1,0,0.032030757816599836,0.005649717514124294,0.022041507807804325,0
0.01680672268907563,0.22161418324223595,0.25806451612903225,0.32499999999999996,0.06666666666666667,0.9803141673517417,0.25,0,0,0,1,0,0.02603638954436533,0.04444444444444444,0.10746818961059582,0
0.09243697478991596,0.22809753934343252,0.3870967741935484,0.0,0.0,0.29517465383561425,1.0,0,1,0,0,0,0.018265018463863837,0.0,0.027357154557126416,0
0.9159663865546218,0.86698697626922,0.0,0.575,0.0,0.9210430871899028,0.0,0,1,0,0,0,0.8800023681871896,0.0,0.010408098829724424,0
0.03361344537815126,0.22114055656517143,0.7096774193548387,0.44999999999999996,0.0,0.7977920434579364,0.0,1,1,0,0,0,0.009665236061529182,0.0,0.06423528102376082,0
0.3025210084033613,0.05372930559231496,0.25806451612903225,0.5,0.0,0.5543486145364863,0.0,0,0,0,0,1,0.007564683209511493,0.0,0.002428809180294094,0
0.47058823529411764,0.7545312168321133,0.06451612903225806,0.925,0.0,0.3192510114931412,0.0,0,0,0,0,0,0.2556645564172502,0.0,0.01775256702084977,0
0.31092436974789917,0.29925866844061433,0.16129032258064516,1.0,0.0,0.6775553298837791,0.25,0,0,0,0,1,0.05228174422704388,0.0,0.010913389247358907,0
0.4621848739495798,0.6528983856906866,0.3870967741935484,0.675,0.0,0.20007616422457566,0.0,0,0,0,0,1,0.05062289156269426,0.0,0.01567159071164554,0
0.7142857142857143,0.8468330989691057,0.1935483870967742,0.25,1.0,0.4383815303770331,0.75,0,0,1,0,0,0.12215597824486703,0.023255813953488372,0.01308620406157009,1
0.09243697478991596,0.3035201828982416,1.0,0.8500000000000001,0.0,0.9088306172123088,0.0,0,0,0,1,0,0.00926391769703086,0.0,0.03568038502056119,0
0.9579831932773109,0.02471841295645459,0.0,0.25,0.06666666666666667,0.2768932250108806,0.0,0,0,1,0,0,0.04595918353946404,0.0011594202898550724,0.00024357077528696958,0
1.0,0.5157984848039555,0.6451612903225806,0.275,0.5,0.5164841143188742,0.5,0,0,0,0,1,0.024558664644021358,0.008333333333333333,0.0056401930673102485,1
0.8319327731092436,0.9085646324201001,0.8709677419354839,0.5,0.0,0.0,0.75,0,0,0,0,1,0.03210297907728873,0.0,0.012029550718256156,0
0.19327731092436973,0.8837069680631293,0.16129032258064516,0.42500000000000004,0.0,0.43846817221980433,0.25,0,1,0,0,0,0.14873853214313684,0.0,0.04970307244380689,0
0.6218487394957983,0.2670183671860501,0.5806451612903225,0.30000000000000004,0.0,0.8005867466189532,0.25,0,1,0,0,0,0.014264869278308301,0.0,0.00481195524601342,0
0.7226890756302521,0.8675826832819812,0.25806451612903225,0.44999999999999996,0.0,0.8241049696149072,0.0,1,1,0,0,0,0.09710973814686115,0.0,0.013248170072469685,0
0.4453781512605042,0.30396734689734206,0.03225806451612903,0.44999999999999996,0.0,0.9867437980559989,0.5,1,1,0,0,0,0.16082773362580233,0.0,0.007706233098527951,0
0.4621848739495798,0.5236681127472992,0.5161290322580645,0.44999999999999996,0.0,0.8957738929993391,0.0,1,0,0,0,1,0.030989825875224242,0.0,0.01261563081722901,0
0.8319327731092436,0.774365740979133,0.6451612903225806,0.25,0.0,0.44869795444654,0.0,0,0,0,0,1,0.03675114820112438,0.0,0.01025241602964407,0
0.40336134453781514,0.4238101434453154,0.7419354838709677,0.7749999999999999,0.0,0.47766453890420235,0.0,0,0,0,0,0,0.017590217513327934,0.0,0.011762068133164777,0
0.9831932773109243,0.3757077691884705,0.6774193548387096,0.44999999999999996,0.0,0.1200271612102455,0.0,1,0,0,0,1,0.017099261595279386,0.0,0.0041687151423880535,0
0.8991596638655461,0.7252358043593957,0.06451612903225806,0.525,0.0,0.9534753453584152,0.0,0,0,0,0,1,0.24599478275336764,0.0,0.008868307624861673,0
0.6470588235294117,0.022638114917525272,0.03225806451612903,0.625,0.06666666666666667,0.381959556393765,0.25,0,0,0,0,1,0.021536812181418306,0.0017094017094017094,0.00046632799235188735,0
0.03361344537815126,0.6536327710529329,0.9354838709677419,0.725,0.0,0.641959636990828,0.5,0,0,0,0,1,0.021492999945032596,0.0,0.17878122230062432,0
0.1680672268907563,0.5353093783812569,0.12903225806451613,0.25,1.0,0.3519935683543692,0.25,0,1,0,0,0,0.10965230828685363,0.09523809523809523,0.0348765785331315,1
0.7058823529411764,0.9735216245309066,0.967741935483871,0.675,0.16666666666666666,0.3346269161951739,0.75,0,0,0,0,0,0.030991268470132897,0.00392156862745098,0.015217433694755214,0
0.8151260504201681,0.5995634210720852,0.6774193548387096,0.32499999999999996,0.0,0.4337713783709722,0.25,0,0,0,1,0,0.027175149551106215,0.0,0.008105712529664985,0
0.7058823529411764,0.21812156000536048,0.5161290322580645,0.44999999999999996,0.0,0.8974724761029709,0.0,1,0,0,0,1,0.013192022139316091,0.0,0.0034487061780727273,0
0.8823529411764706,0.1961666242472463,0.8387096774193548,0.09999999999999998,0.06666666666666667,0.0,0.0,0,1,0,0,0,0.007195114034585968,0.0012578616352201257,0.0024316604673841925,0
0.6890756302521008,0.19433920544182356,0.29032258064516125,0.42500000000000004,0.0,0.7255931943839967,0.0,0,0,0,0,1,0.02064933117388284,0.0,0.0031596036098373815,0
0.18487394957983191,0.6604667934528429,0.5483870967741935,0.15000000000000002,0.5,0.4539528829569451,0.25,0,1,0,0,0,0.03674801127646009,0.043478260869565216,0.03902380182263184,1
0.7310924369747899,0.7681219816071904,0.8709677419354839,0.825,0.0,0.3257572094072892,0.25,0,0,1,0,0,0.02713615322291915,0.0,0.011597489163626698,0
0.6890756302521008,0.6839319233385429,0.16129032258064516,0.25,0.0,0.13487918500249851,0.0,0,0,1,0,0,0.11576784999319585,0.0,0.01097099273913993,0
0.7563025210084033,0.6515367550428696,0.0967741935483871,0.0,0.0,0.5875626642165159,1.0,0,0,0,0,1,0.16604486203841018,0.0,0.009508671516548245,0
0.4453781512605042,0.8794103337637492,0.9032258064516129,0.875,0.0,0.29903122330222287,0.5,0,0,0,0,1,0.029972008693549507,0.0,0.021817953317980643,0
0.6386554621848739,0.7379855962804731,0.6129032258064516,0.44999999999999996,0.0,0.5798495252832987,0.0,1,0,0,0,1,0.036828741173878,0.0,0.012778910320391773,0
0.7731092436974789,0.8262899153579069,0.3225806451612903,0.04999999999999999,0.0,0.44401526508374034,0.5,0,0,0,0,1,0.07558608876222689,0.0,0.011786083690950829,0
0.09243697478991596,0.866809043924116,0.6774193548387096,0.875,0.0,0.13798620178280704,0.5,0,0,0,0,1,0.0392040482181017,0.0,0.09784186315009691,0
0.8067226890756303,0.819316334565857,0.12903225806451613,0.125,0.0,0.4302311523768074,0.0,0,1,0,0,0,0.16589899171206673,0.0,0.011192464591431152,0
0.680672268907563,0.2523569793563278,0.8709677419354839,0.44999999999999996,0.0,0.5589446620565147,0.0,1,0,0,0,0,0.008895861309238688,0.0,0.004138754526828553,0
0.4621848739495798,0.7565575662097022,0.5806451612903225,0.44999999999999996,0.06666666666666667,0.21532714347889165,0.0,1,0,0,0,1,0.03977847374255439,0.0023809523809523807,0.018122860767331078,0
0.8991596638655461,0.7783410573790267,0.03225806451612903,0.7,0.0,0.45159340393636055,0.0,0,0,0,0,1,0.3956982828999912,0.0,0.009519463768824078,0
0.2857142857142857,0.5858976684763891,0.9032258064516129,0.7,0.0,0.6327252284926738,0.0,0,0,0,0,1,0.0199497226275884,0.0,0.022719805228039673,0
0.6050420168067226,0.27810901264371607,0.4193548387096774,0.44999999999999996,0.0,0.694085787513903,0.25,1,0,1,0,0,0.020438766951467947,0.0,0.00515321151662888,0
0.008403361344537815,0.6818791522152066,0.967741935483871,0.375,0.5,0.903771136579783,0.0,0,1,0,0,0,0.021675321155104323,0.5,0.46610647377730113,1
0.2184873949579832,0.611771618370608,0.5806451612903225,0.275,0.0,0.8431440108322453,0.25,0,0,0,0,1,0.03223257872022516,0.0,0.030809656308806915,0
0.6134453781512604,0.03170189934489625,0.0,0.825,0.06666666666666667,0.6517038219127295,0.0,0,0,1,0,0,0.052874470991783516,0.0018018018018018018,0.0006699765215929627,0
0.9663865546218487,0.7765229506528566,0.12903225806451613,0.175,0.0,0.7530808227348196,0.0,0,1,0,0,0,0.15742389677078777,0.0,0.008821470734409096,0
0.42016806722689076,0.4093456191108262,1.0,0.625,0.0,0.8996123281267631,0.25,0,0,1,0,0,0.012538666826940489,0.0,0.010913444458923435,0
0.7983193277310924,0.21730150351398986,0.5161290322580645,0.44999999999999996,0.0,0.5983707303705853,0.75,1,0,0,1,0,0.013144254608133702,0.0,0.003007799723028284,0
0.453781512605042,0.2667785248634972,0.5161290322580645,0.6,0.0,0.0,0.25,0,0,1,0,0,0.016026245281939796,0.0,0.006665248115508209,0
0.36974789915966383,0.6524217504957096,0.5161290322580645,0.7749999999999999,0.06666666666666667,0.3239538501217016,0.0,0,0,1,0,0,0.03848960603758081,0.0029629629629629632,0.01956184848758571,0
0.8487394957983193,0.4209386256615362,0.5806451612903225,0.0,0.0,0.14342650353821107,0.0,0,1,0,0,0,0.022286822579719694,0.0,0.005456992533375139,0
0.226890756302521,0.6368157494398221,0.6774193548387096,0.09999999999999998,0.0,0.8152795912116962,0.0,0,0,0,0,1,0.028851900991459112,0.0,0.03088303713108416,0
0.07563025210084033,0.5652412458882565,0.6129032258064516,0.625,0.0,0.6777608523945388,0.0,0,1,0,0,0,0.028275872504272544,0.0,0.0775350843968693,0
0.47058823529411764,0.8877411859225594,0.6129032258064516,0.125,0.0,0.13177821300191822,0.75,0,0,0,0,0,0.044243396922907935,0.0,0.02084737200530302,0
0.3277310924369748,0.09326644981869894,0.9354838709677419,0.6,0.0,0.9399874268581653,0.0,0,1,0,0,0,0.002996535694038133,0.0,0.0035330433385540104,0
0.907563025210084,0.06460018597961886,0.9032258064516129,0.65,0.0,0.0,0.0,0,0,0,0,1,0.002149494177709037,0.0,0.0007580471196002663,0
0.1680672268907563,0.9557733745264245,0.5161290322580645,0.125,0.06666666666666667,0.24311701081612586,0.25,0,0,0,0,1,0.056159557208745194,0.006349206349206348,0.06139092546851519,0
0.8823529411764706,0.027485635452604303,0.4193548387096774,0.32499999999999996,0.0,0.8908876960523558,0.0,0,0,0,0,1,0.0027119202658340744,0.0,0.0003243346459045362,0
0.2184873949579832,0.8368684169227864,0.9032258064516129,0.44999999999999996,0.0,0.8928885181423989,0.0,1,0,1,0,0,0.02851937202467858,0.0,0.04184985704445439,0
0.8823529411764706,0.40166298999854033,0.4838709677419355,0.22499999999999998,0.0,0.1589293486145365,0.75,0,0,0,0,0,0.02542743529044476,0.0,0.004998919533520785,0
0.4117647058823529,0.6334086336032049,0.25806451612903225,0.525,0.0,0.8471758789109725,0.0,0,0,0,0,1,0.07134449748039863,0.0,0.017072051499256554,0
0.3529411764705882,0.9820619677737386,0.3870967741935484,0.30000000000000004,0.06666666666666667,0.12784709125199478,0.0,0,0,0,0,0,0.07569589579370076,0.0031007751937984496,0.03063748006393424,0
0.1680672268907563,0.4909884041486603,0.9354838709677419,0.025000000000000022,0.0,0.5973773715685801,0.5,0,0,0,0,1,0.016124465819990105,0.0,0.03208170977363957,0
0.6218487394957983,0.3465764130394651,0.5483870967741935,0.44999999999999996,0.06666666666666667,0.17293107339168562,0.25,0,0,0,0,1,0.019479955304135297,0.0017777777777777779,0.006216689781211266,0
0.6554621848739496,0.0027229747701185344,0.29032258064516125,0.575,0.0,0.9384903364121412,0.25,0,0,0,0,1,0.001674835600755722,0.0,0.00012278976220544497,0
0.10084033613445378,0.42662511337200665,0.25806451612903225,0.44999999999999996,0.0,0.0,0.0,1,1,0,0,0,0.048592927987863105,0.0,0.04545279861725855,0
0.26050420168067223,0.42453059138784527,0.12903225806451613,0.7,0.06666666666666667,0.48792253010300307,0.75,0,0,1,0,0,0.08771291832980792,0.004166666666666667,0.01820011149181472,0
0.025210084033613446,0.47464654417073254,0.29032258064516125,0.7749999999999999,0.0,0.30536413753082836,0.0,0,0,0,0,1,0.04840632409239614,0.0,0.1642958246449762,0
0.13445378151260504,0.6989719137047364,0.4193548387096774,0.5,0.0,0.5224140432322646,0.0,0,1,0,0,0,0.050206828520165024,0.0,0.055902405902724106,0
0.1092436974789916,0.22344937916879276,0.6774193548387096,0.35,0.0,0.7411242484323871,0.25,0,1,0,0,0,0.01024601279291958,0.0,0.022966396195182228,0
0.8571428571428571,0.8810243933906914,0.5806451612903225,0.9750000000000001,0.0,0.13856247078356465,0.0,0,1,0,0,0,0.046265385115431,0.0,0.011316343180404264,0
0.2857142857142857,0.9622975605135748,0.0,0.44999999999999996,1.0,0.8675709657140094,0.0,1,1,0,0,0,0.9743821737223017,0.05714285714285714,0.036961211030313294,1
0.453781512605042,0.4765215057456143,0.9032258064516129,0.125,0.0,0.3175201895642923,0.0,0,0,0,0,1,0.016214963207201144,0.0,0.011715303745844804,0
0.5462184873949579,0.6926094099727416,0.6774193548387096,0.15000000000000002,0.06666666666666667,0.43482719989683577,0.5,0,0,0,0,1,0.031363209807853946,0.00202020202020202,0.014048360149186303,0
0.8235294117647058,0.9327765705957529,0.29032258064516125,0.04999999999999999,0.16666666666666666,0.7808444960265648,0.75,0,1,0,0,0,0.09377192870660783,0.003367003367003367,0.01247796280398218,0
0.907563025210084,0.591650179852066,0.29032258064516125,0.2,0.06666666666666667,0.352761255379854,0.25,0,0,1,0,0,0.05999242491221082,0.0012232415902140674,0.007161242158580743,0
0.5042016806722689,0.24092933896025787,0.16129032258064516,0.44999999999999996,0.5,0.6595479310733917,0.25,1,0,0,1,0,0.04265512752440558,0.01639344262295082,0.005418932202205726,1
0.9327731092436974,0.5699701039277163,0.9032258064516129,0.8,0.06666666666666667,0.8474358044392862,0.0,0,0,1,0,0,0.019405859867579135,0.0011904761904761904,0.006705035871968853,0
0.6890756302521008,0.9327787195371189,0.25806451612903225,0.875,0.0,0.6859978722375357,0.0,0,0,0,0,0,0.10428299909066452,0.0,0.014941311511522856,0
0.9159663865546218,0.42952790336918806,1.0,0.44999999999999996,0.0,0.26086851395135163,0.5,1,1,0,0,0,0.013163203990972512,0.0,0.005141670735565037,0
0.6554621848739496,0.9099322391715254,0.1935483870967742,0.575,0.06666666666666667,0.0,0.0,0,0,1,0,0,0.13108211112919624,0.0016877637130801688,0.015330078822160736,0
0.05042016806722689,0.4541105236974202,0.7096774193548387,0.8999999999999999,0.0,0.9066927801150926,0.0,0,1,0,0,0,0.019695446592521343,0.0,0.0898695630556094,0
0.5714285714285714,0.19676437787083217,0.7741935483870968,0.22499999999999998,0.16666666666666666,0.4646017699115044,1.0,0,0,1,0,0,0.007860445945519759,0.004830917874396135,0.003908193846576088,0
0.8907563025210083,0.896450579219516,0.5806451612903225,0.30000000000000004,0.0,0.7325708851169463,0.5,0,0,0,0,1,0.047069360781554465,0.0,0.011072987089691934,0
0.6134453781512604,0.16160671475001426,1.0,0.30000000000000004,0.0,0.8512017022099715,0.5,0,0,0,0,1,0.0048724308960003135,0.0,0.002994665979594866,0
0.2689075630252101,0.2017228451787211,0.0967741935483871,0.4,0.16666666666666666,0.4064771829714525,0.0,0,0,0,1,0,0.05468957637798983,0.010101010101010102,0.008698453172542484,0
0.48739495798319327,0.8865950429284807,0.967741935483871,0.8,0.06666666666666667,0.49708440124441866,0.25,0,1,0,0,0,0.02821456915040169,0.0022598870056497176,0.020104770473143647,0
0.9327731092436974,0.06486681843786779,0.9354838709677419,0.9750000000000001,1.0,0.8296581072585715,0.0,0,0,0,0,1,0.0020591260984364904,0.017857142857142856,0.000732846276458203,1
0.5714285714285714,0.8915683890970656,0.9354838709677419,0.925,0.0,0.9925649209342812,0.0,0,0,0,0,1,0.029346733273435035,0.0,0.017242936605146912,0
0.7647058823529411,0.6763779237165929,0.9032258064516129,0.95,0.06666666666666667,0.531676660702484,0.0,0,1,0,0,0,0.02303926222360784,0.0014492753623188406,0.009759615798898351,0
0.10084033613445378,0.4750752068079772,0.6451612903225806,0.42500000000000004,0.0,0.6596708415945323,0.5,0,1,0,0,0,0.022638398695803558,0.0,0.05038820231815194,0
0.058823529411764705,0.537347741364387,0.3548387096774194,0.44999999999999996,0.0,0.12503626867836937,0.0,1,1,0,0,0,0.04537508006047668,0.0,0.09237671376692627,0
0.48739495798319327,0.8181993353099228,0.9032258064516129,0.15000000000000002,0.0,0.886491126263359,0.0,0,0,0,0,1,0.027881897398737965,0.0,0.0185696295423324,0
0.7731092436974789,0.9196919736098539,0.12903225806451613,0.44999999999999996,0.16666666666666666,0.8059746602833793,1.0,1,0,0,1,0,0.18577807097391932,0.0035842293906810036,0.013116063089879814,0
0.2184873949579832,0.4203133655884657,0.3225806451612903,0.44999999999999996,0.0,0.0,0.0,1,0,0,0,0,0.03903955358430979,0.0,0.021419307104345822,0
0.907563025210084,0.7756138461245009,0.8064516129032258,0.125,0.0,0.8136253364927383,0.0,0,0,0,0,1,0.029572390181602286,0.0,0.009396239310508224,0
0.7226890756302521,0.23044541128159013,0.4838709677419355,0.8999999999999999,0.0,0.8127871270370908,0.0,0,0,1,0,0,0.0148308408043662,0.0,0.003550103190436873,0
0.31932773109243695,0.27739840889925327,1.0,0.44999999999999996,0.16666666666666666,0.6315908248303432,0.0,1,0,1,0,0,0.0084555840890026,0.008547008547008546,0.009883583752479446,0
0.2773109243697479,0.7321582812791514,0.1935483870967742,0.025000000000000022,0.0,0.693872205296839,0.0,0,0,0,0,1,0.10593384498119533,0.0,0.029093527054731474,0
0.4789915966386554,0.558031649935896,0.9354838709677419,0.0,0.0,0.25147089640053516,0.5,0,0,0,0,1,0.01833741644172437,0.0,0.012954834976702238,0
0.11764705882352941,0.17609201218437476,0.25806451612903225,0.07500000000000001,0.0,0.15402501732836857,0.0,0,1,0,0,0,0.02102776585367647,0.0,0.01723439104304858,0
0.38655462184873945,0.8710947493216917,0.22580645161290322,0.22499999999999998,0.0,0.6961430275480762,0.0,0,0,1,0,0,0.1097863735275315,0.0,0.024877891391693715,0
0.226890756302521,0.8456900668234807,0.5806451612903225,0.175,0.06666666666666667,0.26006858810064964,0.0,0,0,1,0,0,0.044423845083816985,0.0047619047619047615,0.04076170599650888,0
0.008403361344537815,0.9535623389880099,0.4193548387096774,0.825,1.0,0.6210910424424134,0.25,0,1,0,0,0,0.06821426855711529,1.0,0.6459952978735167,1
0.9327731092436974,0.7804220717317447,0.12903225806451613,0.35,0.0,0.9280227928494286,0.0,0,0,1,0,0,0.1581961054233753,0.0,0.009193356753222,0
0.26050420168067223,0.7486798336874925,0.8709677419354839,0.44999999999999996,1.0,0.43886914260844334,0.0,1,0,1,0,0,0.026448571762493198,0.0625,0.0316143631063537,1
0.5378151260504201,0.09598516763830198,0.8064516129032258,0.875,0.0,0.1956453406837855,0.75,0,0,0,0,0,0.0036880979045508942,0.0,0.002113999824169856,0
0.3949579831932773,0.037650169045960906,0.16129032258064516,0.44999999999999996,0.0,0.5719711623708432,0.25,1,0,1,0,0,0.009106127907421472,0.0,0.0013597455094273635,0
0.38655462184873945,0.9849494900541673,0.8709677419354839,0.44999999999999996,0.06666666666666667,0.2887107693795638,0.0,1,0,0,0,1,0.03480436845995303,0.0028368794326241132,0.028085819866537846,0
0.6302521008403361,0.5752457345151174,0.3548387096774194,1.0,0.0,0.8462631171720103,0.75,0,0,0,0,0,0.04850240431665689,0.0,0.01011536318158627,0
0.9831932773109243,0.37291490265868665,0.8387096774193548,0.44999999999999996,0.0,0.1526528523300611,0.5,1,1,0,0,0,0.013677417741167305,0.0,0.004137372212594308,0
0.47058823529411764,0.7255839533267946,0.9032258064516129,0.44999999999999996,0.0,0.7623373954253108,0.0,0,0,1,0,0,0.024719451746062597,0.0,0.017080048770194554,0
0.12605042016806722,0.0989713570265921,0.45161290322580644,0.44999999999999996,0.0,0.8986149394716056,0.0,1,1,0,0,0,0.007195261152487124,0.0,0.009755501252269322,0
0.31932773109243695,0.795991029131704,0.7741935483870968,0.44999999999999996,0.0,0.8344193787578381,0.0,1,1,0,0,0,0.031595436247316054,0.0,0.027492520809423802,0
0.5546218487394958,0.32652376111074316,0.9354838709677419,0.4,0.0,0.0,0.5,0,0,0,0,1,0.010695848368814214,0.0,0.006598518919996497,0
0.31092436974789917,0.1391068893259176,0.1935483870967742,0.4,1.0,0.4192215935651305,0.5,0,1,0,0,0,0.022039587233322545,0.05263157894736842,0.0053322920405496944,1
0.6050420168067226,0.3254459749182113,0.29032258064516125,0.44999999999999996,0.0,0.0,0.5,1,0,0,0,1,0.03363197261462202,0.0,0.0060119263016035675,0
0.6134453781512604,0.6929214362590835,0.0967741935483871,0.44999999999999996,0.0,0.0,0.5,1,0,1,0,0,0.17628999429807898,0.0,0.01250271791840458,0
0.05042016806722689,0.015174636892354085,0.3548387096774194,0.125,0.0,0.18694891758144333,0.0,0,0,0,1,0,0.0022856054002903005,0.0,0.0068320248228111715,0
0.14285714285714285,0.36290824462435156,0.5161290322580645,0.675,0.0,0.845374534551961,0.5,0,0,0,1,0,0.02162571243396014,0.0,0.028055924230883024,0
0.07563025210084033,0.5486099337413839,0.4838709677419355,0.44999999999999996,0.0,0.622412834276319,0.0,1,1,0,0,0,0.03452192889022698,0.0,0.07533267561271446,0
0.3529411764705882,0.8394340891849144,0.9032258064516129,0.025000000000000022,0.16666666666666666,0.1929715331173332,0.0,0,0,1,0,0,0.028606979492442782,0.007751937984496124,0.026245024437122677,0
0.2184873949579832,0.7359262964686057,0.45161290322580644,0.825,0.0,0.4050868836339604,0.0,0,0,1,0,0,0.04924423454879835,0.0,0.03689900354647479,0
0.9243697478991596,0.24937473992692943,0.8709677419354839,0.025000000000000022,0.0,0.8759994035817334,0.75,0,0,0,0,1,0.008790392893368438,0.0,0.002943375546229357,0
0.9915966386554621,0.6937341249514851,0.22580645161290322,0.30000000000000004,0.0,0.0,0.0,0,1,0,0,0,0.08783280277466202,0.0,0.007670215953254967,0
0.8487394957983193,0.13286957677807296,0.5161290322580645,0.65,0.06666666666666667,0.9896674565178845,0.75,0,1,0,0,0,0.008226173066694775,0.00130718954248366,0.00171702490837379,0
0.15966386554621848,0.4922325798012446,0.22580645161290322,0.625,0.5,0.3968700130567242,0.0,0,1,0,0,0,0.0628910861790171,0.05,0.033783199552632114,1
0.5126050420168067,0.9053305575287158,0.45161290322580644,0.65,0.0,0.9490324322581686,0.0,0,0,1,0,0,0.06042756138315569,0.0,0.0195175903675144,0
0.4369747899159664,0.9955214629305158,0.9354838709677419,0.625,0.06666666666666667,0.9208657736512081,0.5,0,0,0,0,1,0.032777996433052514,0.0025157232704402514,0.025136426990520065,0
0.8571428571428571,0.5173932448908203,0.0,0.825,0.0,0.3378507987168948,0.0,0,0,0,0,1,0.5338226794844438,0.0,0.0066411962036005,0
0.9159663865546218,0.8983031918041914,0.3548387096774194,0.825,0.0,0.6712244305817496,0.0,0,0,0,0,0,0.07516095107140908,0.0,0.010785104605836907,0
0.2689075630252101,0.28985291581053524,0.5483870967741935,0.25,0.0,0.710777439270113,0.0,0,0,1,0,0,0.0163594247424621,0.0,0.012235017761612055,0
0.9579831932773109,0.9981183664738296,0.6774193548387096,0.25,0.0,0.0,0.0,0,0,1,0,0,0.04511436591807344,0.0,0.011452519864499345,0
0.9495798319327731,0.8459464252953894,0.3870967741935484,0.6,0.16666666666666666,0.7114202008478812,0.0,0,0,0,0,1,0.06532772094620413,0.0029239766081871343,0.009787946549123083,0
0.9243697478991596,0.6441458089053277,0.7419354838709677,0.15000000000000002,0.5,0.9120383803214211,0.0,0,1,0,0,0,0.026681214342027096,0.009009009009009009,0.007653081082118563,1
0.9663865546218487,0.7582233846244023,0.3870967741935484,0.30000000000000004,0.0,0.9687666231442527,0.0,0,0,0,0,1,0.058645693256563006,0.0,0.008612563145273403,0
0.36134453781512604,0.34721947862671104,0.03225806451612903,0.25,0.0,0.7678179957122363,0.75,0,0,1,0,0,0.18224260488045352,0.0,0.010827686806453818,0
0.13445378151260504,0.8519430768763512,0.5161290322580645,0.04999999999999999,0.0,0.2829158405467705,0.75,0,0,0,1,0,0.05011153852604813,0.0,0.06781844894944686,0
0.15966386554621848,0.8870897701631485,1.0,0.4,0.06666666666666667,0.7301509582990796,0.0,0,0,0,0,1,0.027322373835104562,0.006666666666666667,0.059927767607753604,0
0.12605042016806722,0.6722138074681157,0.9354838709677419,0.65,0.0,0.4979427599658269,0.5,0,0,0,1,0,0.022106319237746103,0.0,0.05720042761892806,0
0.5882352941176471,0.7349331990320022,0.7096774193548387,0.825,0.5,0.2713441172203685,0.75,0,0,0,0,0,0.03178589151190175,0.014084507042253521,0.013827279279003579,1
0.9747899159663865,0.5378155761328175,1.0,0.32499999999999996,0.06666666666666667,0.9294191369666489,0.25,0,1,0,0,0,0.016514146589028764,0.0011396011396011397,0.006041716579703079,0
0.48739495798319327,0.5331945335516057,0.3870967741935484,0.175,0.0,0.14707956542063608,0.0,0,0,0,0,1,0.0415048257907837,0.0,0.01217269979497169,0
0.7058823529411764,0.8478721632848333,0.22580645161290322,0.35,0.16666666666666666,0.41753510002095523,0.0,0,1,0,0,0,0.10691189849997058,0.00392156862745098,0.013259882535487363,0
0.08403361344537814,0.528402271508795,0.6774193548387096,0.30000000000000004,1.0,0.8416912487708949,1.0,0,0,0,0,1,0.02397214009490392,0.1818181818181818,0.06602419911703501,1
0.5126050420168067,0.8955733813539182,1.0,0.375,0.0,0.6555462868933056,0.5,0,1,0,0,0,0.02758489766075321,0.0,0.019309187412369713,0
0.9243697478991596,0.7644021027043343,0.16129032258064516,0.30000000000000004,0.0,0.0,0.25,0,0,0,0,1,0.12904857136695871,0.0,0.00908776507275743,0
0.5126050420168067,0.9511069995154444,0.6451612903225806,0.44999999999999996,0.0,0.6161484275513001,0.25,1,1,0,0,0,0.04508520766573707,0.0,0.02049532671409027,0
0.3361344537815126,0.09526431037360716,0.03225806451612903,0.44999999999999996,0.0,0.9167573383625901,0.75,1,0,0,0,0,0.05749528551490873,0.0,0.0035040714234536247,0
0.26050420168067223,0.9736775558096445,0.03225806451612903,0.44999999999999996,0.0,0.54239405516063,0.5,1,0,0,1,0,0.4924127290549227,0.0,0.04092543240218947,0
0.3361344537815126,0.6627245121841701,0.7096774193548387,0.125,0.06666666666666667,0.8098191401905315,0.5,0,1,0,0,0,0.028677043018829246,0.0032520325203252032,0.021832404443707498,0
0.3529411764705882,0.1348390713069501,0.06451612903225806,0.125,0.0,0.5278684494737012,0.5,0,1,0,0,0,0.05111775940271207,0.0,0.004545884118113804,0
0.6302521008403361,0.35606660883217356,0.8709677419354839,0.04999999999999999,0.0,0.6631123361864694,0.0,0,1,0,0,0,0.012563605160883291,0.0,0.006296298501499594,0
0.226890756302521,0.6005934803001838,0.45161290322580644,0.09999999999999998,0.0,0.33007519705981914,0.5,0,0,0,0,1,0.040310155174676614,0.0,0.029169912191326607,0
0.8403361344537815,0.993437317263236,0.4838709677419355,0.44999999999999996,0.06666666666666667,0.46621975595209314,0.25,1,0,0,0,1,0.062052135979984,0.0013201320132013201,0.013020273417147806,0
0.7731092436974789,0.17330094667211665,0.1935483870967742,0.07500000000000001,1.0,0.5664160098006029,0.0,0,0,0,1,0,0.026876748227076325,0.02150537634408602,0.0024879815684327694,1
0.7815126050420168,0.32613077090017395,0.22580645161290322,0.475,0.0,0.3908010542095846,0.5,0,0,1,0,0,0.04233112352192911,0.0,0.004611354980713945,0
0.4453781512605042,0.5210540995374905,0.5161290322580645,0.09999999999999998,0.06666666666666667,0.6179417122040073,0.0,0,1,0,0,0,0.030837562026544727,0.0024691358024691358,0.013029901275091396,0
0.29411764705882354,0.22494821460630124,0.6129032258064516,0.125,0.0,0.21322557506004483,0.75,0,1,0,0,0,0.011427381661427356,0.0,0.008802883595949834,0
0.9579831932773109,0.17476850989622292,1.0,0.6,0.0,0.5683442945339072,0.0,0,0,0,0,1,0.0052797202845033964,0.0,0.001971435967135084,0
0.9411764705882353,0.6131590772470333,0.3225806451612903,0.44999999999999996,0.0,0.1844624981865661,0.0,1,0,1,0,0,0.05639977448633691,0.0,0.0071491745459531944,0
0.2857142857142857,0.09208467533016132,0.06451612903225806,0.25,0.06666666666666667,0.8951976239985815,0.0,0,0,0,0,1,0.03700547023059071,0.0038095238095238095,0.004035976208407483,0
0.7731092436974789,0.3115064267263797,0.0967741935483871,0.375,0.06666666666666667,0.25241186711156244,0.5,0,0,1,0,0,0.08186744219311264,0.0014336917562724014,0.004455930077612745,0
0.8235294117647058,0.6774923237767796,0.4193548387096774,0.25,0.0,0.8516872995148057,0.0,0,0,1,0,0,0.04868755525128386,0.0,0.009063202397480005,0
0.9579831932773109,0.13988666851625708,0.6129032258064516,0.22499999999999998,0.0,0.0,0.0,0,0,1,0,0,0.007215838818550578,0.0,0.0015697626541734564,0
0.04201680672268907,0.9300820846483149,0.3548387096774194,0.30000000000000004,0.0,0.9311197349968567,0.0,0,0,1,0,0,0.0777833300989926,0.0,0.20994914053766145,0
0.15966386554621848,0.7242707659571995,0.03225806451612903,0.7749999999999999,0.06666666666666667,0.2935667424279059,0.0,0,0,0,0,1,0.36892715548493105,0.006666666666666667,0.04914707869025416,0
0.6638655462184874,0.5745896115508096,0.6129032258064516,0.025000000000000022,0.0,0.6276455985943873,0.0,0,0,0,1,0,0.02873872610038568,0.0,0.009583710063330808,0
0.5462184873949579,0.12250263337414821,0.8387096774193548,0.22499999999999998,0.0,0.23831342585876172,1.0,0,0,0,1,0,0.00449346191457669,0.0,0.002609475420893883,0
0.3445378151260504,0.6624574908698645,0.8064516129032258,0.55,0.0,0.6993870593355578,0.25,0,0,0,0,1,0.025262724822952554,0.0,0.02129701184027367,0
0.226890756302521,0.19957895894146668,0.5161290322580645,0.55,0.16666666666666666,0.20550236149394716,0.5,0,0,1,0,0,0.012111932799322284,0.011904761904761904,0.01020401099126129,0
0.6722689075630252,0.3927835233420467,0.6451612903225806,0.35,0.0,0.739040814352725,0.0,0,1,0,0,0,0.018758015648133636,0.0,0.006489368110311789,0
0.2184873949579832,0.46121455546343987,0.5161290322580645,0.125,0.0,0.32888840530651064,0.0,0,0,0,0,1,0.027351964000584744,0.0,0.0234253656065145,0
0.9915966386554621,0.38484635724148625,0.22580645161290322,0.575,0.0,0.0,1.0,0,0,0,0,1,0.04959889664585338,0.0,0.0042328548003193,0
0.680672268907563,0.3949234800865176,0.7419354838709677,0.575,0.0,0.49475111626932317,0.0,0,0,1,0,0,0.01639836069596583,0.0,0.006441124186038146,0
0.8823529411764706,0.7157673640397544,0.8387096774193548,0.44999999999999996,0.0,0.4525283298676596,0.5,1,1,0,0,0,0.026251649304812212,0.0,0.008923014731128375,0
0.6218487394957983,0.001650100443566057,0.9032258064516129,0.32499999999999996,0.0,0.8438129664555024,0.0,0,0,0,0,1,0.0,0.0,0.00012642074299671474,0
0.4369747899159664,0.4557936973719143,0.6129032258064516,0.275,0.0,0.7495325370343505,0.25,0,0,1,0,0,0.02285693691219588,0.0,0.011650825974559133,0
0.7731092436974789,0.12717709249788606,0.4193548387096774,0.44999999999999996,0.0,0.10947297580476167,0.0,1,0,1,0,0,0.009763198541290326,0.0,0.0018312104329888394,0
0.4369747899159664,0.990462384234482,0.4193548387096774,0.625,0.0,0.0,0.25,0,0,1,0,0,0.07082424633376286,0.0,0.025010021196420422,0
0.2857142857142857,0.017816033754997927,0.8064516129032258,0.32499999999999996,0.06666666666666667,0.40189121008430456,0.75,0,1,0,0,0,0.0007109535130190244,0.0038095238095238095,0.0012259598257486394,0
0.8571428571428571,0.6334568312881279,1.0,0.44999999999999996,0.0,0.15456098779760466,0.0,1,1,0,0,0,0.019473748063991284,0.0,0.008133406998250199,0
0.0,0.4880618120675869,0.8064516129032258,0.6,0.06666666666666667,0.13843754533584796,0.25,0,0,0,1,0,0.018620702694004686,0.13333333333333333,0.6758499680311231,0
0.7899159663865546,0.17030245715276976,0.16129032258064516,0.95,0.0,0.4655145316504667,0.25,0,0,1,0,0,0.030998934557328963,0.0,0.0023874795946399337,0
0.025210084033613446,0.23880323777107054,0.9354838709677419,0.22499999999999998,0.06666666666666667,0.0,0.0,0,0,0,0,1,0.007800386128226482,0.03333333333333333,0.08621669217610298,0
0.6722689075630252,0.2574840259978517,0.967741935483871,0.95,0.16666666666666666,0.7055789287038381,0.25,0,0,0,1,0,0.008118850435311482,0.004115226337448559,0.0042773810604147325,0
0.8823529411764706,0.4076760553983167,0.3548387096774194,0.5,0.0,0.2552770927027419,1.0,0,1,0,0,0,0.03467463459761027,0.0,0.005074040553819174,0
0.10084033613445378,0.9818720627553097,0.8387096774193548,0.7,0.0,0.33702669374727984,0.25,0,0,0,0,1,0.036011130360730115,0.0,0.10201342945520855,0
0.6638655462184874,0.22714789145463846,0.6774193548387096,0.44999999999999996,1.0,0.8352555732869095,0.0,1,0,0,1,0,0.010412485227641956,0.025,0.0038324448477238694,1
0.4453781512605042,0.17987760776081374,0.8709677419354839,0.55,0.0,0.8180440704740719,1.0,0,1,0,0,0,0.006332591428861524,0.0,0.004663151992725735,0
0.8319327731092436,0.4411303857280167,0.7741935483870968,0.575,0.06666666666666667,0.7558896303818688,0.75,0,1,0,0,0,0.017539629630649152,0.0013333333333333333,0.005839532264883347,0
0.3529411764705882,0.9961694403837411,0.3548387096774194,0.125,0.06666666666666667,0.16903622032013155,0.0,0,1,0,0,0,0.08323682706375803,0.0031007751937984496,0.031071942442951573,0
0.42016806722689076,0.9361982787675506,0.5806451612903225,0.30000000000000004,0.06666666666666667,0.8885604558569886,0.0,0,0,1,0,0,0.04914091518752401,0.00261437908496732,0.02459358050893777,0
0.36974789915966383,0.9881680311693917,0.0,0.32499999999999996,0.0,0.24617969921176072,0.0,0,0,0,0,1,0.9999999999999999,0.0,0.02944214805308644,0
0.6302521008403361,0.2977272509587758,0.06451612903225806,0.44999999999999996,0.0,0.6700295791221368,0.5,1,0,0,0,1,0.10488357789807767,0.0,0.005279770214788902,0
0.8739495798319328,0.7610700360866607,0.16129032258064516,0.44999999999999996,0.0,0.7534273901059045,0.5,0,1,0,0,0,0.12849865028194435,0.0,0.009582212417428215,0
0.2689075630252101,0.7509676989962684,0.8709677419354839,0.475,0.06666666666666667,0.8249895223818045,1.0,0,0,0,0,1,0.026529483284037182,0.00404040404040404,0.030739056190493858,0
0.9243697478991596,0.8504410896581727,0.12903225806451613,0.44999999999999996,0.0,0.18979399390686205,0.0,1,0,0,1,0,0.1720631514561924,0.0,0.01011422907937126,0
0.7394957983193277,0.11132203937073429,0.8387096774193548,0.575,0.0,0.7627887389783516,1.0,0,0,0,0,1,0.0040834097963806685,0.0,0.0016911052792950342,0
0.5630252100840336,0.7934800013785971,1.0,0.725,0.0,0.3915768009413737,0.5,0,1,0,0,0,0.024425636341271324,0.0,0.015590722501794836,0
0.42857142857142855,0.699963762708737,0.16129032258064516,0.32499999999999996,1.0,0.5311265857472154,0.25,0,0,0,0,1,0.11841372941663579,0.03846153846153846,0.018098798735020478,1
0.3949579831932773,0.4665521574266145,0.7419354838709677,0.125,0.06666666666666667,0.8257007914631591,0.0,0,1,0,0,0,0.01935374278167231,0.0027777777777777775,0.013192564962790261,0
0.7563025210084033,0.7520686732894447,0.06451612903225806,0.65,1.0,0.1771946580266615,0.0,0,0,1,0,0,0.2548517247591455,0.021978021978021976,0.010971636707516993,1
0.3361344537815126,0.2663905693155569,0.7096774193548387,0.7,0.0,0.4456453406837855,0.0,0,0,0,0,1,0.011613414876177858,0.0,0.009031259149378596,0
0.5714285714285714,0.2237136989568097,0.6774193548387096,0.625,0.0,0.8363718426100553,0.25,0,0,0,0,1,0.010257909997864627,0.0,0.004425407706014542,0
0.8487394957983193,0.26680799605937366,0.5806451612903225,0.625,0.0,0.7005254928510405,0.0,0,0,0,0,1,0.014253905241664401,0.0,0.0034559321384197627,0
0.2689075630252101,0.2946366434862067,0.03225806451612903,0.95,0.06666666666666667,0.6805213018037622,0.5,0,0,0,0,1,0.15620794254787215,0.00404040404040404,0.012426983588715619,0
0.09243697478991596,0.6601202613079955,0.9032258064516129,0.32499999999999996,0.06666666666666667,0.6998746715669681,1.0,0,0,1,0,0,0.022484127939152818,0.01111111111111111,0.07503281946190268,0
0.2857142857142857,0.7405730035495599,0.3225806451612903,0.175,0.0,0.6060254364330964,0.0,0,0,0,1,0,0.06786974126746335,0.0,0.02857207633911122,0
1.0,0.713053087365641,0.29032258064516125,0.32499999999999996,0.06666666666666667,0.5820840788561665,0.5,0,0,1,0,0,0.07201415669926263,0.0011111111111111111,0.007816986984512393,0
0.29411764705882354,0.23518376559527682,0.3225806451612903,0.7,0.06666666666666667,0.6954639972919388,0.0,0,0,1,0,0,0.022373947054900138,0.0037037037037037034,0.009179396739245553,0
0.5462184873949579,0.32671726816422364,0.3548387096774194,0.04999999999999999,0.0,0.3761747021938521,0.0,0,1,0,0,0,0.027993954223292535,0.0,0.006706931832710495,0
0.2184873949579832,0.5642454673914725,0.5483870967741935,0.32499999999999996,0.06666666666666667,0.6987221335654529,0.0,0,1,0,0,0,0.03145458609416915,0.0049382716049382715,0.028478666928339485,0
0.47058823529411764,0.8595353890529407,0.29032258064516125,0.15000000000000002,0.0,0.7156273675387269,0.5,0,0,0,1,0,0.08651933601086861,0.0,0.02019207990262786,0
0.09243697478991596,0.6602947962791306,0.5806451612903225,0.2,0.0,0.9190080113480665,0.25,0,0,0,0,1,0.034761489930962494,0.0,0.07505208018680196,0
0.6218487394957983,0.4213136875612806,0.6774193548387096,0.375,1.0,0.5821566162129053,0.25,0,0,0,0,1,0.019152013535113938,0.02666666666666667,0.007536305282838746,1
0.9915966386554621,0.18591007503120877,1.0,0.8,0.0,0.3698558924512791,1.0,0,0,0,1,0,0.0056244940179027356,0.0,0.0020190544499569013,0
0.8823529411764706,0.6338871516801406,0.7741935483870968,0.44999999999999996,0.0,0.3862755291197189,0.0,0,1,0,0,0,0.025174603744121164,0.0,0.007900088039705445,0
0.2773109243697479,0.9245432394427423,0.3225806451612903,0.04999999999999999,0.0,0.6902171284878379,0.0,0,0,1,0,0,0.08443098033799154,0.0,0.03658666300103868,0
0.7815126050420168,0.5386100090566622,0.29032258064516125,0.475,0.0,0.3104699614746039,0.25,0,0,0,0,0,0.05474020550247004,0.0,0.0076047226438004795,0
0.9663865546218487,0.3928561984924337,0.6129032258064516,0.65,0.16666666666666666,0.32862646485162084,0.0,0,0,0,1,0,0.019740793541443466,0.0028735632183908046,0.004441536472540401,0
0.3277310924369748,0.034660520885376946,0.7096774193548387,0.04999999999999999,0.0,0.3052714509083289,0.0,0,0,0,1,0,0.001636587387541565,0.0,0.0015928143965072692,0
0.11764705882352941,0.16856226490069803,0.7741935483870968,0.35,0.06666666666666667,0.8921309057497945,0.0,0,0,0,0,1,0.006743378010661025,0.008888888888888889,0.016569637658445505,0
0.4621848739495798,0.21758068169659453,0.9032258064516129,0.8,0.0,0.7196169221593566,0.0,0,0,1,0,0,0.007373167538062987,0.0,0.0053774590470145375,0
0.5630252100840336,0.6890023402585459,0.3870967741935484,0.125,0.0,0.1499226268194787,0.25,0,0,0,0,1,0.05337299714821314,0.0,0.013556090154241283,0
0.49579831932773105,0.4397264311683438,0.45161290322580644,0.825,0.0,0.6290580621242162,1.0,0,0,1,0,0,0.029690417654133168,0.0,0.009901887730264963,0
0.008403361344537815,0.6708709647076699,0.3870967741935484,0.44999999999999996,0.06666666666666667,0.3399664716217741,0.0,1,0,0,1,0,0.0519918964413118,0.06666666666666667,0.4588176535537022,0
0.37815126050420167,0.855799178195703,0.5806451612903225,0.95,0.0,0.0,0.0,0,0,0,0,0,0.04495070763037157,0.0,0.024984916287253613,0
0.8403361344537815,0.017855594742240417,0.03225806451612903,0.44999999999999996,0.06666666666666667,0.7238059545110176,0.5,1,0,1,0,0,0.019168904526199685,0.0013201320132013201,0.00022900250226019775,0
0.8235294117647058,0.25271536137785044,0.3870967741935484,0.44999999999999996,0.0,0.6585485274916583,0.5,1,0,0,1,0,0.020140203902426077,0.0,0.003381255427118334,0
0.10084033613445378,0.056352528550834995,0.45161290322580644,0.625,0.0,0.5853180360107678,0.75,0,0,1,0,0,0.00438175289030305,0.0,0.00773471479393553,0
0.4621848739495798,0.5940117231505331,0.7419354838709677,0.15000000000000002,0.06666666666666667,0.1250503731644019,0.0,0,0,0,0,1,0.024612693961293345,0.0023809523809523807,0.014279074276138332,0
0.9831932773109243,0.5990448917535255,0.3548387096774194,0.8999999999999999,1.0,0.4675798313909441,0.0,0,0,0,0,0,0.050466299381292684,0.01694915254237288,0.006675114813923856,1
0.24369747899159663,0.40629657830410787,0.8709677419354839,0.4,0.0,0.6120641713815949,0.75,0,0,0,0,1,0.014340013606560856,0.0,0.018628601922889638,0
0.7899159663865546,0.9745770412671239,0.9032258064516129,0.675,0.0,0.23659469348936926,0.0,0,0,1,0,0,0.033221571930013856,0.0,0.01359868101799357,0
0.7815126050420168,0.9741246174782038,0.5806451612903225,0.75,0.0,0.4930364137530828,0.25,0,0,0,0,0,0.051117544651661934,0.0,0.013740170779635338,0
0.9831932773109243,0.8138124045409546,0.29032258064516125,0.6,0.0,0.9522401953672809,0.25,0,0,0,0,1,0.08199168945310263,0.0,0.009085342085255233,0
0.12605042016806722,0.9109999765049077,0.25806451612903225,0.65,0.16666666666666666,0.5295750922836372,0.0,0,0,1,0,0,0.1018867704888716,0.020833333333333332,0.07696377940594443,0
0.6974789915966386,0.3599209296001078,0.0967741935483871,0.07500000000000001,0.0,0.17154077405419346,0.25,0,1,0,0,0,0.09385286700854235,0.0,0.0057287969189024944,0
0.226890756302521,0.9858022718526256,0.16129032258064516,0.7,0.0,0.4357057078840047,0.75,0,1,0,0,0,0.1655882433514902,0.0,0.047388284576512445,0
0.26050420168067223,0.6982660785634953,0.0,0.75,0.06666666666666667,0.9759659558005707,1.0,0,0,0,0,1,0.7129291554750454,0.004166666666666667,0.02952809324106151,0
0.1680672268907563,0.48920275667017077,0.5483870967741935,0.8999999999999999,0.0,0.7058650482776407,0.5,0,0,0,0,1,0.027326260379491752,0.0,0.031969107322102626,0
0.9243697478991596,0.26493301401838365,0.45161290322580644,0.22499999999999998,1.0,0.4203842061995261,0.5,0,0,0,0,1,0.018151322354821003,0.018018018018018018,0.0031289891723925577,1
0.2857142857142857,0.8734391010892308,0.9032258064516129,0.09999999999999998,0.0,0.7701976239985815,0.5,0,0,0,0,0,0.029768114929810737,0.0,0.03359917664508045,0
0.47058823529411764,0.11629759587900992,0.9032258064516129,0.6,0.0,0.5817032577332882,0.0,0,0,0,1,0,0.003914754393562693,0.0,0.0029247834483590454,0
0.680672268907563,0.08047110034066246,0.12903225806451613,0.875,0.5,0.5734924319357803,0.75,0,1,0,0,0,0.019573019461302014,0.012195121951219513,0.0013628932223472528,1
0.226890756302521,0.6513786543566573,0.6129032258064516,0.8,0.0,0.8355658719796251,0.25,0,0,0,0,1,0.03254068313627101,0.0,0.03157178679257478,0
0.05042016806722689,0.7023428249958638,0.4193548387096774,1.0,0.0,0.6551936747424923,0.0,0,1,0,0,0,0.050445256508481216,0.0,0.13682995027689662,0
0.19327731092436973,0.16538967019848932,0.25806451612903225,0.32499999999999996,0.0,0.0,0.75,0,0,0,0,1,0.01985022966920438,0.0,0.010068288152174178,0
0.226890756302521,0.7340886036768428,0.4193548387096774,0.575,0.0,0.7790491964472814,0.0,0,0,1,0,0,0.05269066776221536,0.0,0.0354835372243399,0
0.6722689075630252,0.38183151530164955,0.5806451612903225,0.825,0.0,0.5563010783887036,0.0,0,0,1,0,0,0.020248654139987533,0.0,0.006310315708556755,0
0.31932773109243695,0.3549364908008527,0.22580645161290322,0.8999999999999999,0.0,0.7665566516756129,0.25,0,1,0,0,0,0.0458966748508808,0.0,0.012516407958711805,0
0.5462184873949579,0.6692073770987688,0.29032258064516125,0.175,0.0,0.6299264954785048,0.0,0,0,0,0,0,0.06767240426815067,0.0,0.01357881099200874,0
0.12605042016806722,0.5123977543931115,0.9354838709677419,0.04999999999999999,0.0,0.11066379741122234,0.0,0,0,1,0,0,0.016831141554108652,0.0,0.04397310842002117,0
0.2773109243697479,0.06633325602602044,0.8064516129032258,1.0,0.0,0.4340232441929816,0.75,0,0,1,0,0,0.002558777187162752,0.0,0.0031605358359858885,0
0.10084033613445378,0.5826562053199275,0.4838709677419355,0.55,0.0,0.3885423215178039,0.75,0,1,0,0,0,0.03662904041688363,0.0,0.06134701829862826,0
0.8487394957983193,0.9502658220003624,0.6451612903225806,0.09999999999999998,0.06666666666666667,0.4724680432645035,0.0,0,0,0,0,1,0.045045542770912585,0.00130718954248366,0.0123291871860565,0
0.008403361344537815,0.2807114829684731,1.0,0.44999999999999996,0.0,0.7415755919854281,0.0,1,1,0,0,0,0.008558106571439706,0.0,0.20048245359616532,0
0.8319327731092436,0.39284940374449556,0.6774193548387096,0.35,0.16666666666666666,0.6860966036397634,0.0,0,0,0,1,0,0.01787081767489106,0.0033333333333333335,0.005200169249571748,0
0.4453781512605042,0.21134150673289936,0.1935483870967742,0.44999999999999996,0.0,0.0,0.25,1,0,0,0,1,0.032258043328841135,0.0,0.005434748396611141,0
0.680672268907563,0.40032266456940907,0.7096774193548387,0.44999999999999996,0.0,0.8916352338120799,0.5,1,0,0,0,1,0.017379682214364207,0.0,0.0065283180111949425,0
