merchant_id,business_category,business_age_months,qris_volume_monthly,qris_active_days,ecommerce_rating,pln_delay_days,pdam_bill_avg,pdam_late_payments
UMKM-00001,Jasa,91,"Rp 25,035,962",32,1.6,30.0,279767,0.0
UMKM-00002,Retail,105,"Rp 2,443,717",13,2.3,0.0,442144,0.0
UMKM-00003,jasa,98,5409352,33,,0.0,984963,0.0
UMKM-00004,RETAIL,54,"Rp 32,050,824",3,1.4,,740778,0.0
UMKM-00005,Jasa,37,"Rp 22,888,358",23,5.0,2.0,948336,0.0
UMKM-00006,nan,70,"Rp 16,329,502",28,,0.0,228157,0.0
UMKM-00007, F & B ,102,44148703,18,4.9,0.0,593056,0.0
UMKM-00008,Jasa,94,9421928,5,4.8,0.0,755321,0.0
UMKM-00009,jasa,106,"Rp 26,492,849",32,2.8,2.0,393243,0.0
UMKM-00010,RETAIL,62,"Rp 43,307,399",39,1.8,5.0,303807,1.0
UMKM-00011,Retail,-1,"Rp 48,081,137",18,1.7,0.0,733245,5.0
UMKM-00012,jasa,114,"Rp 2,308,507",0,2.0,2.0,-50000,0.0
UMKM-00013,jasa,31,"Rp 21,843,837",4,3.8,2.0,766442,0.0
UMKM-00014, F & B ,66,10331795,26,2.1,2.0,843327,0.0
UMKM-00015,retail ,100,"Rp 49,641,341",15,,2.0,231383,1.0
UMKM-00016,RETAIL,107,13382318,5,2.8,15.0,794854,1.0
UMKM-00017,fnb,86,"Rp 10,986,298",39,4.7,0.0,248139,12.0
UMKM-00018,jasa,25,"Rp 1,100,734",12,1.8,30.0,-50000,0.0
UMKM-00019,retail ,116,"Rp 9,546,310",34,1.0,0.0,860364,
UMKM-00020,fnb,3,20628490,18,1.2,0.0,595648,0.0
UMKM-00021,RETAIL,112,19003027,11,,0.0,891279,1.0
UMKM-00022,F&B,45,27312911,15,,0.0,-50000,0.0
UMKM-00023,nan,23,4081091,42,,0.0,664653,3.0
UMKM-00024,retail ,72,17002437,9,,0.0,659756,0.0
UMKM-00025,Fashion,34,"Rp 21,606,265",24,2.2,15.0,307137,1.0
UMKM-00026,F&B,35,12091989,19,1.5,0.0,351075,2.0
UMKM-00027,nan,80,13681730,30,4.8,5.0,105823,0.0
UMKM-00028, F & B ,5,"Rp 41,819,838",3,4.1,0.0,874464,0.0
UMKM-00029,Jasa,17,"Rp 47,289,704",43,,,821279,3.0
UMKM-00030,Retail,-5,"Rp 34,283,771",22,4.5,5.0,786786,0.0
UMKM-00031,Fashion,40,5755469,1,,0.0,68807,0.0
UMKM-00032, F & B ,95,"Rp 16,053,770",21,3.9,5.0,979271,0.0
UMKM-00033,RETAIL,15,27098641,36,4.4,2.0,713431,0.0
UMKM-00034, F & B ,84,42528843,7,2.4,5.0,627701,0.0
UMKM-00035,Jasa,104,"Rp 15,150,540",6,,2.0,731509,0.0
UMKM-00036,RETAIL,30,46221400,13,,2.0,589828,0.0
UMKM-00037,Fashion,48,"Rp 28,346,162",2,2.2,5.0,806572,0.0
UMKM-00038,Jasa,81,"Rp 2,992,825",15,1.4,0.0,120248,3.0
UMKM-00039,fnb,51,"Rp 4,832,978",18,2.8,0.0,302515,
UMKM-00040,Retail,-5,"Rp 31,559,798",17,3.9,15.0,797097,1.0
UMKM-00041,Fashion,57,7152941,15,4.8,0.0,160494,0.0
UMKM-00042,fnb,48,"Rp 38,670,243",7,3.4,0.0,823931,5.0
UMKM-00043,nan,49,"Rp 43,537,644",32,4.5,0.0,659723,0.0
UMKM-00044,Fashion,109,"Rp 44,992,967",11,4.3,0.0,594075,0.0
UMKM-00045,nan,34,"Rp 37,286,070",10,1.7,,333126,5.0
UMKM-00046,RETAIL,9,11556086,4,2.9,0.0,300768,2.0
UMKM-00047,fnb,15,"Rp 24,289,643",26,,0.0,596894,1.0
UMKM-00048,Retail,41,37458065,11,3.7,2.0,-50000,1.0
UMKM-00049,Jasa,67,"Rp 23,489,029",16,4.8,15.0,977654,0.0
UMKM-00050,jasa,47,"Rp 2,940,369",5,,0.0,822783,0.0
UMKM-00051, F & B ,3,42681557,32,3.9,0.0,283867,1.0
UMKM-00052,F&B,68,"Rp 18,994,276",4,3.5,,162223,0.0
UMKM-00053,Retail,46,49226615,27,,2.0,621224,0.0
UMKM-00054,fnb,51,"Rp 26,955,176",13,2.6,0.0,667574,2.0
UMKM-00055,jasa,111,"Rp 39,233,146",4,2.4,0.0,976097,2.0
UMKM-00056,Retail,20,"Rp 42,664,130",32,1.2,0.0,984862,0.0
UMKM-00057,fnb,35,"Rp 15,609,307",40,1.9,0.0,611669,2.0
UMKM-00058,retail ,29,"Rp 36,876,898",18,1.1,0.0,-50000,2.0
UMKM-00059,retail ,57,8778748,21,3.3,30.0,864506,1.0
UMKM-00060,nan,110,42654364,4,,0.0,463811,0.0
UMKM-00061,Retail,19,2946830,1,4.5,5.0,618482,0.0
UMKM-00062,retail ,84,33997728,29,3.1,0.0,754737,0.0
UMKM-00063,fnb,69,"Rp 41,793,419",38,3.8,5.0,338997,0.0
UMKM-00064,nan,32,"Rp 10,957,168",3,2.6,5.0,385863,0.0
UMKM-00065,fnb,-4,"Rp 39,214,493",32,3.2,0.0,201733,0.0
UMKM-00066,nan,1,33880340,12,,2.0,573512,0.0
UMKM-00067,Retail,76,"Rp 37,159,646",19,,0.0,755853,5.0
UMKM-00068,jasa,85,"Rp 42,478,073",6,2.0,30.0,693012,0.0
UMKM-00069,Jasa,28,36783612,14,4.1,30.0,-50000,1.0
UMKM-00070,Fashion,85,"Rp 11,717,207",22,1.4,0.0,217567,1.0
UMKM-00071,jasa,11,"Rp 16,540,627",13,1.3,0.0,63703,0.0
UMKM-00072,RETAIL,37,17169764,22,2.4,0.0,998319,5.0
UMKM-00073,fnb,53,"Rp 10,384,451",18,1.4,5.0,997069,0.0
UMKM-00074,RETAIL,102,"Rp 5,188,891",28,3.3,0.0,953923,0.0
UMKM-00075,jasa,117,10014653,19,1.9,0.0,108453,2.0
UMKM-00076,nan,45,"Rp 15,064,147",28,4.6,0.0,-50000,0.0
UMKM-00077,Fashion,48,"Rp 21,808,635",23,4.1,0.0,551738,1.0
UMKM-00078,Fashion,18,"Rp 39,049,943",17,3.8,5.0,869593,0.0
UMKM-00079,F&B,19,"Rp 33,884,400",9,3.5,0.0,237063,2.0
UMKM-00080,Fashion,65,"Rp 3,363,999",40,4.5,2.0,426440,0.0
UMKM-00081,Jasa,46,"Rp 43,663,528",7,1.9,0.0,288411,1.0
UMKM-00082,Fashion,64,"Rp 5,790,691",25,4.5,0.0,452932,0.0
UMKM-00083,jasa,111,28950196,28,4.2,2.0,869781,1.0
UMKM-00084,F&B,82,"Rp 22,003,105",9,4.0,,621386,2.0
UMKM-00085,jasa,27,"Rp 10,852,415",16,3.2,5.0,420579,0.0
UMKM-00086,jasa,43,"Rp 18,066,318",1,2.0,0.0,967636,1.0
UMKM-00087, F & B ,23,44279777,5,2.7,0.0,101990,0.0
UMKM-00088,F&B,57,"Rp 49,115,625",4,4.2,30.0,381065,3.0
UMKM-00089,jasa,101,34321714,27,1.1,0.0,741898,0.0
UMKM-00090, F & B ,16,12186361,40,4.1,0.0,674860,2.0
UMKM-00091, F & B ,20,27256629,4,2.0,30.0,811269,2.0
UMKM-00092,F&B,22,"Rp 33,371,979",17,1.6,15.0,319357,0.0
UMKM-00093,RETAIL,108,"Rp 38,998,210",25,1.5,,174693,0.0
UMKM-00094,nan,79,"Rp 29,175,911",19,1.1,,225295,0.0
UMKM-00095,Jasa,43,34814548,40,3.1,30.0,-50000,2.0
UMKM-00096,nan,65,"Rp 7,086,368",26,1.9,0.0,835786,0.0
UMKM-00097,Fashion,75,"Rp 29,207,970",11,5.0,0.0,380515,0.0
UMKM-00098,Jasa,78,"Rp 45,561,177",6,3.3,2.0,118274,2.0
UMKM-00099,Fashion,99,12950831,2,1.6,2.0,944285,0.0
UMKM-00100,jasa,43,"Rp 35,812,381",9,3.8,0.0,316278,1.0
UMKM-00101,fnb,14,"Rp 34,535,574",33,4.6,0.0,927860,0.0
UMKM-00102,F&B,112,"Rp 33,386,345",24,,0.0,613889,0.0
UMKM-00103,Jasa,80,14607851,34,1.3,2.0,910321,2.0
UMKM-00104,Jasa,86,12360589,15,4.6,0.0,327834,0.0
UMKM-00105,jasa,57,"Rp 40,092,598",1,4.2,0.0,314053,0.0
UMKM-00106,RETAIL,55,"Rp 30,124,900",23,1.6,2.0,403383,3.0
UMKM-00107, F & B ,98,"Rp 46,677,380",9,1.2,5.0,392176,0.0
UMKM-00108,jasa,43,"Rp 29,487,589",37,3.2,0.0,586350,
UMKM-00109,retail ,65,34942508,21,1.6,2.0,387530,
UMKM-00110, F & B ,-5,"Rp 16,648,245",25,4.3,5.0,798597,0.0
UMKM-00111,F&B,90,"Rp 49,854,843",42,2.4,0.0,740091,0.0
UMKM-00112, F & B ,7,"Rp 34,523,310",38,4.7,0.0,186225,1.0
UMKM-00113,RETAIL,88,"Rp 6,540,070",26,3.3,0.0,191553,0.0
UMKM-00114, F & B ,81,"Rp 28,364,435",28,1.7,0.0,149270,0.0
UMKM-00115,F&B,45,7491878,37,,,902857,1.0
UMKM-00116,RETAIL,117,"Rp 32,241,029",19,3.3,0.0,-50000,0.0
UMKM-00117,nan,50,2960826,26,4.0,2.0,659269,3.0
UMKM-00118,Jasa,77,"Rp 3,844,664",40,4.1,0.0,678758,0.0
UMKM-00119,Jasa,56,"Rp 37,167,707",19,2.1,0.0,733565,0.0
UMKM-00120,Fashion,26,"Rp 35,932,801",43,1.8,2.0,138887,0.0
UMKM-00121,nan,24,"Rp 3,090,212",18,1.1,0.0,393686,
UMKM-00122,nan,23,"Rp 39,785,284",19,3.7,0.0,885544,1.0
UMKM-00123, F & B ,43,"Rp 45,185,024",34,1.3,0.0,192012,2.0
UMKM-00124,Jasa,39,"Rp 34,707,431",1,2.7,0.0,895442,0.0
UMKM-00125,F&B,87,22320139,29,3.4,2.0,782154,0.0
UMKM-00126,Retail,24,"Rp 26,227,191",33,4.7,0.0,336629,0.0
UMKM-00127,Retail,10,"Rp 26,919,139",21,2.2,30.0,663587,0.0
UMKM-00128,RETAIL,34,"Rp 5,600,108",2,2.0,2.0,567537,0.0
UMKM-00129,Jasa,13,"Rp 12,393,942",5,3.6,0.0,942016,1.0
UMKM-00130,Jasa,12,"Rp 3,854,190",14,3.5,0.0,444283,0.0
UMKM-00131,Retail,-5,2284382,26,2.3,0.0,857039,12.0
UMKM-00132,Jasa,72,"Rp 8,196,042",9,4.7,5.0,290491,0.0
UMKM-00133, F & B ,109,38407753,8,,0.0,635885,
UMKM-00134,retail ,41,48230658,32,1.9,15.0,307808,0.0
UMKM-00135,fnb,108,20432053,31,2.0,0.0,-50000,0.0
UMKM-00136,nan,60,"Rp 12,872,847",5,,15.0,817842,0.0
UMKM-00137,Fashion,112,"Rp 18,819,593",40,,0.0,851619,0.0
UMKM-00138,RETAIL,86,49436828,35,1.2,30.0,808271,0.0
UMKM-00139,retail ,107,"Rp 39,131,465",1,3.8,0.0,840417,0.0
UMKM-00140,Retail,108,"Rp 4,257,181",28,3.6,0.0,748412,0.0
UMKM-00141,nan,88,23039912,3,,0.0,200635,1.0
UMKM-00142,Jasa,32,"Rp 39,708,480",0,,0.0,752682,1.0
UMKM-00143,Fashion,45,"Rp 42,916,167",18,4.8,,766605,2.0
UMKM-00144,Jasa,57,"Rp 34,371,818",25,1.2,0.0,887946,0.0
UMKM-00145,F&B,-2,"Rp 48,602,635",24,2.3,0.0,330752,1.0
UMKM-00146,F&B,-5,"Rp 16,686,144",9,2.8,2.0,907759,0.0
UMKM-00147,Fashion,2,"Rp 11,856,760",14,4.6,0.0,762585,0.0
UMKM-00148,Fashion,23,"Rp 47,350,911",21,4.8,2.0,517210,0.0
UMKM-00149,Retail,49,"Rp 49,830,419",20,2.8,2.0,302773,0.0
UMKM-00150,Fashion,97,19720027,21,4.0,0.0,329365,0.0
UMKM-00151, F & B ,-3,"Rp 24,284,856",35,3.1,,884938,0.0
UMKM-00152,Jasa,26,"Rp 9,705,956",33,3.2,0.0,857400,0.0
UMKM-00153,retail ,4,33446436,29,,0.0,439821,1.0
UMKM-00154,jasa,68,10714891,24,1.9,5.0,-50000,1.0
UMKM-00155,Fashion,77,"Rp 26,258,148",44,2.2,2.0,471153,
UMKM-00156,RETAIL,104,"Rp 3,320,688",27,3.2,0.0,505651,1.0
UMKM-00157,F&B,28,"Rp 2,805,808",0,1.1,2.0,230580,0.0
UMKM-00158, F & B ,118,"Rp 10,709,175",44,4.6,0.0,836064,3.0
UMKM-00159,nan,91,38774891,3,1.6,0.0,569911,3.0
UMKM-00160,jasa,81,"Rp 39,090,551",6,,30.0,222903,0.0
UMKM-00161,retail ,49,32049883,8,3.1,0.0,486149,0.0
UMKM-00162,jasa,86,"Rp 21,792,686",35,3.8,0.0,490523,
UMKM-00163,Fashion,26,"Rp 39,209,230",18,1.4,15.0,753700,0.0
UMKM-00164,Retail,44,"Rp 49,383,877",0,2.3,,152951,5.0
UMKM-00165,F&B,1,"Rp 12,666,027",9,4.9,0.0,944738,0.0
UMKM-00166,F&B,87,"Rp 38,176,570",35,2.0,2.0,-50000,0.0
UMKM-00167,nan,2,"Rp 11,929,084",8,2.3,2.0,781316,0.0
UMKM-00168,Retail,59,"Rp 13,617,619",44,4.3,,122178,0.0
UMKM-00169,Jasa,51,"Rp 18,715,057",41,1.2,30.0,-50000,2.0
UMKM-00170,fnb,113,"Rp 10,955,661",31,2.9,0.0,209826,
UMKM-00171, F & B ,61,"Rp 44,859,585",31,2.5,0.0,119893,0.0
UMKM-00172,F&B,82,"Rp 21,709,657",5,2.3,0.0,398943,0.0
UMKM-00173,RETAIL,81,"Rp 35,761,500",37,2.1,5.0,563223,2.0
UMKM-00174,F&B,53,26560098,16,1.4,2.0,884799,1.0
UMKM-00175,jasa,119,"Rp 35,941,412",9,2.3,2.0,-50000,0.0
UMKM-00176,F&B,66,"Rp 45,799,034",26,1.2,,970243,0.0
UMKM-00177,F&B,48,16702852,34,4.1,0.0,325375,1.0
UMKM-00178,fnb,115,42055392,20,2.6,0.0,306682,2.0
UMKM-00179,fnb,105,32073264,24,2.8,0.0,288886,0.0
UMKM-00180,retail ,95,"Rp 29,113,586",27,4.6,0.0,485711,0.0
UMKM-00181,Jasa,61,"Rp 45,336,333",14,3.6,0.0,464384,
UMKM-00182,RETAIL,45,"Rp 4,040,267",3,1.0,0.0,475840,1.0
UMKM-00183,F&B,91,"Rp 34,149,417",28,4.8,2.0,191707,0.0
UMKM-00184,F&B,86,"Rp 30,008,147",8,,30.0,584252,0.0
UMKM-00185, F & B ,105,"Rp 10,685,684",26,1.4,2.0,471001,1.0
UMKM-00186,fnb,2,"Rp 48,876,337",25,4.1,2.0,800406,0.0
UMKM-00187,RETAIL,28,"Rp 22,217,066",18,3.0,0.0,788157,0.0
UMKM-00188,nan,29,"Rp 8,536,765",27,2.7,5.0,790150,0.0
UMKM-00189,retail ,90,"Rp 46,658,328",16,2.0,5.0,782288,0.0
UMKM-00190,Jasa,82,19673436,42,3.2,2.0,62336,1.0
UMKM-00191,Retail,72,"Rp 37,693,176",40,2.1,0.0,913907,0.0
UMKM-00192,Jasa,26,"Rp 9,535,078",41,4.6,0.0,470628,1.0
UMKM-00193,jasa,114,"Rp 7,935,774",19,1.9,0.0,132212,0.0
UMKM-00194,F&B,40,19144439,44,4.5,2.0,911811,0.0
UMKM-00195,retail ,101,27220970,39,3.2,15.0,95591,0.0
UMKM-00196,jasa,10,"Rp 20,205,297",38,4.3,30.0,898182,12.0
UMKM-00197,RETAIL,62,46587883,22,3.9,0.0,927080,3.0
UMKM-00198,Retail,110,"Rp 5,273,445",31,3.8,5.0,932566,0.0
UMKM-00199,fnb,31,4184790,32,2.3,,478670,2.0
UMKM-00200,retail ,48,"Rp 34,134,205",4,1.9,0.0,672825,1.0
UMKM-00201,retail ,79,"Rp 48,480,620",42,1.8,0.0,899104,
UMKM-00202,F&B,8,"Rp 13,529,971",33,4.4,,339372,0.0
UMKM-00203,Fashion,89,"Rp 7,681,935",39,,0.0,64429,1.0
UMKM-00204,retail ,49,10963441,10,2.8,,134294,0.0
UMKM-00205, F & B ,42,7689142,2,1.5,,427721,0.0
UMKM-00206,Retail,76,"Rp 27,336,263",32,2.5,2.0,234087,
UMKM-00207,Retail,1,"Rp 5,990,961",10,3.5,15.0,924506,0.0
UMKM-00208, F & B ,68,"Rp 4,646,804",15,2.8,5.0,381080,0.0
UMKM-00209,nan,1,"Rp 1,647,296",17,4.1,2.0,261979,0.0
UMKM-00210, F & B ,27,"Rp 4,122,951",29,5.0,0.0,893810,1.0
UMKM-00211, F & B ,17,"Rp 27,844,511",9,1.8,0.0,87310,1.0
UMKM-00212,Retail,79,"Rp 1,800,101",17,2.8,0.0,676115,0.0
UMKM-00213,Jasa,13,38655044,37,2.7,2.0,249899,
UMKM-00214,Retail,106,"Rp 44,902,446",18,2.2,0.0,478472,0.0
UMKM-00215,Fashion,119,"Rp 23,655,061",35,1.8,0.0,257500,0.0
UMKM-00216,F&B,13,"Rp 23,791,342",12,1.3,0.0,149862,5.0
UMKM-00217,jasa,30,23015777,2,4.5,5.0,351033,0.0
UMKM-00218,Jasa,23,"Rp 24,116,992",9,2.7,,363572,0.0
UMKM-00219,fnb,54,"Rp 43,907,958",37,3.0,,422646,0.0
UMKM-00220,jasa,76,"Rp 43,439,798",0,4.7,0.0,480423,2.0
UMKM-00221,F&B,-4,"Rp 31,555,353",26,4.1,30.0,624543,0.0
UMKM-00222,Fashion,-5,"Rp 49,846,793",7,1.5,5.0,417968,12.0
UMKM-00223,Fashion,41,"Rp 9,121,757",41,,2.0,272603,2.0
UMKM-00224,fnb,63,42971665,16,,2.0,841841,0.0
UMKM-00225,Jasa,14,"Rp 37,387,984",8,4.2,0.0,92438,1.0
UMKM-00226,nan,5,12820569,5,3.9,,291482,0.0
UMKM-00227, F & B ,100,"Rp 41,930,951",42,,0.0,815598,0.0
UMKM-00228,Jasa,-4,"Rp 23,479,150",24,2.4,0.0,835372,2.0
UMKM-00229,nan,61,35831079,38,4.2,2.0,844301,
UMKM-00230,Fashion,81,"Rp 13,431,216",27,,0.0,544476,0.0
UMKM-00231,Retail,113,17040922,32,,0.0,762222,0.0
UMKM-00232,F&B,6,"Rp 39,971,207",36,2.3,2.0,531153,0.0
UMKM-00233,fnb,14,"Rp 9,704,813",8,1.3,0.0,862390,0.0
UMKM-00234,F&B,-1,"Rp 20,921,696",17,1.9,5.0,257374,0.0
UMKM-00235,RETAIL,31,30461504,20,,2.0,987272,0.0
UMKM-00236,RETAIL,32,"Rp 15,497,054",1,4.8,2.0,801690,1.0
UMKM-00237,Jasa,88,"Rp 12,319,247",42,2.2,2.0,731505,0.0
UMKM-00238,Fashion,3,"Rp 14,913,140",37,2.1,2.0,387766,0.0
UMKM-00239,Fashion,92,"Rp 47,048,559",39,,2.0,551955,2.0
UMKM-00240, F & B ,47,46560900,35,2.1,2.0,600730,2.0
UMKM-00241, F & B ,38,"Rp 21,717,501",42,1.1,5.0,131948,0.0
UMKM-00242, F & B ,93,7851803,36,4.7,5.0,304657,0.0
UMKM-00243,Retail,110,"Rp 14,045,697",14,1.9,30.0,337740,1.0
UMKM-00244,jasa,116,"Rp 49,120,511",27,2.7,0.0,650079,0.0
UMKM-00245,retail ,80,6742533,17,,0.0,616694,0.0
UMKM-00246,jasa,102,25101438,33,4.4,,90524,1.0
UMKM-00247,F&B,18,37181576,21,3.9,0.0,204404,0.0
UMKM-00248,jasa,75,"Rp 31,338,208",10,4.8,0.0,160160,0.0
UMKM-00249,Retail,68,"Rp 3,825,896",12,,2.0,196836,0.0
UMKM-00250,F&B,24,"Rp 39,491,224",3,2.3,0.0,732923,0.0
UMKM-00251,jasa,114,49870063,21,2.0,0.0,530891,0.0
UMKM-00252,Retail,53,11427148,6,,,217442,
UMKM-00253,retail ,104,"Rp 5,876,872",42,2.5,2.0,841494,0.0
UMKM-00254,jasa,81,20397196,23,3.3,0.0,618933,0.0
UMKM-00255,Retail,90,"Rp 32,935,646",3,1.0,,434903,0.0
UMKM-00256, F & B ,75,"Rp 18,498,600",27,1.2,,319388,12.0
UMKM-00257,Fashion,108,"Rp 16,099,203",14,,0.0,973876,0.0
UMKM-00258, F & B ,109,"Rp 43,462,817",0,3.3,0.0,810769,0.0
UMKM-00259,Fashion,75,"Rp 17,320,131",2,4.0,15.0,831608,3.0
UMKM-00260,fnb,8,49719461,13,1.5,5.0,135501,0.0
UMKM-00261,fnb,3,3887698,37,3.1,2.0,167450,0.0
UMKM-00262,fnb,34,48119813,0,,30.0,769831,0.0
UMKM-00263,retail ,60,"Rp 47,173,665",37,1.4,2.0,815893,0.0
UMKM-00264, F & B ,103,13417420,37,,0.0,329100,0.0
UMKM-00265,Fashion,19,"Rp 5,031,464",20,1.7,2.0,981398,1.0
UMKM-00266,Retail,97,"Rp 21,167,958",28,1.9,0.0,542134,0.0
UMKM-00267,F&B,67,"Rp 41,912,236",4,2.3,5.0,250658,0.0
UMKM-00268,Retail,112,"Rp 23,910,282",9,2.0,2.0,590997,0.0
UMKM-00269,F&B,16,3887296,27,,0.0,786618,0.0
UMKM-00270,RETAIL,101,"Rp 47,531,927",20,1.4,2.0,430572,0.0
UMKM-00271,Retail,104,"Rp 37,291,014",6,1.8,0.0,327354,12.0
UMKM-00272,jasa,-2,25733272,2,1.2,0.0,938513,0.0
UMKM-00273,jasa,20,2100500,44,3.5,2.0,219746,1.0
UMKM-00274,Jasa,52,"Rp 23,371,392",19,2.1,0.0,568467,0.0
UMKM-00275, F & B ,23,"Rp 31,436,427",18,2.1,5.0,150025,0.0
UMKM-00276,F&B,103,"Rp 2,961,977",34,2.3,0.0,460949,0.0
UMKM-00277,F&B,92,"Rp 24,827,142",3,,2.0,201152,0.0
UMKM-00278, F & B ,81,"Rp 5,032,654",4,4.5,15.0,545416,0.0
UMKM-00279,retail ,31,"Rp 35,218,900",0,4.0,2.0,234484,0.0
UMKM-00280,Jasa,69,"Rp 24,277,458",3,3.9,0.0,960908,2.0
UMKM-00281,retail ,64,"Rp 7,978,140",11,2.9,,240043,0.0
UMKM-00282,retail ,12,"Rp 49,076,248",26,3.8,0.0,896278,0.0
UMKM-00283,retail ,79,"Rp 12,748,768",41,3.2,0.0,115480,0.0
UMKM-00284, F & B ,36,"Rp 14,611,312",22,1.9,0.0,817128,0.0
UMKM-00285,retail ,94,"Rp 30,718,818",24,1.8,0.0,365104,0.0
UMKM-00286,jasa,35,"Rp 37,591,531",20,2.2,,284622,0.0
UMKM-00287,fnb,32,"Rp 46,938,649",23,4.6,0.0,484368,0.0
UMKM-00288,RETAIL,28,"Rp 39,382,858",24,,5.0,470466,1.0
UMKM-00289,F&B,11,"Rp 42,655,138",44,3.9,5.0,922197,3.0
UMKM-00290,F&B,31,"Rp 9,379,341",31,,0.0,691553,0.0
UMKM-00291,RETAIL,19,44445065,31,2.6,2.0,884569,0.0
UMKM-00292, F & B ,96,"Rp 41,133,569",4,1.5,0.0,787371,3.0
UMKM-00293,Retail,116,45534701,35,1.7,0.0,168922,0.0
UMKM-00294, F & B ,70,"Rp 2,912,584",41,4.3,0.0,566576,0.0
UMKM-00295,F&B,81,"Rp 21,554,754",41,3.3,,695568,0.0
UMKM-00296,F&B,111,"Rp 48,732,820",38,2.4,,489628,0.0
UMKM-00297,RETAIL,100,"Rp 18,002,265",15,,0.0,356020,0.0
UMKM-00298,retail ,80,"Rp 15,846,767",32,2.0,0.0,930979,0.0
UMKM-00299, F & B ,79,"Rp 15,677,441",20,,5.0,-50000,0.0
UMKM-00300,Fashion,21,"Rp 45,804,549",8,2.4,0.0,886659,0.0
UMKM-00301,RETAIL,51,"Rp 35,301,851",5,2.3,30.0,-50000,2.0
UMKM-00302,jasa,25,44022964,44,2.2,2.0,134433,0.0
UMKM-00303,F&B,0,6438684,34,1.5,0.0,123704,0.0
UMKM-00304,RETAIL,85,"Rp 23,315,019",38,1.4,15.0,581149,0.0
UMKM-00305, F & B ,34,"Rp 36,935,364",21,3.6,0.0,288366,1.0
UMKM-00306,F&B,92,36209185,40,4.5,,374058,2.0
UMKM-00307,Retail,6,48239471,4,4.2,,113888,1.0
UMKM-00308,RETAIL,103,9793380,41,1.6,0.0,915718,0.0
UMKM-00309,Jasa,115,"Rp 11,104,107",22,3.2,0.0,635581,1.0
UMKM-00310,F&B,47,"Rp 35,125,539",16,1.4,,263596,1.0
UMKM-00311, F & B ,65,"Rp 17,064,554",11,1.2,,118515,0.0
UMKM-00312,fnb,4,11905942,22,,0.0,466740,0.0
UMKM-00313,Fashion,39,"Rp 3,086,213",15,3.1,15.0,319209,0.0
UMKM-00314,nan,11,11302330,2,1.3,0.0,-50000,1.0
UMKM-00315,retail ,20,25091050,29,1.1,0.0,663008,0.0
UMKM-00316,nan,79,"Rp 12,199,468",21,,30.0,214437,0.0
UMKM-00317, F & B ,86,43491924,8,,0.0,895308,5.0
UMKM-00318,jasa,56,36553686,28,2.8,,991208,2.0
UMKM-00319,jasa,116,39599274,36,,0.0,238929,5.0
UMKM-00320,fnb,40,33482294,22,1.5,2.0,186694,
UMKM-00321,retail ,58,27153295,12,1.7,0.0,920229,0.0
UMKM-00322,Jasa,-4,"Rp 30,419,310",31,2.4,2.0,291540,1.0
UMKM-00323,fnb,118,"Rp 38,710,964",22,4.0,2.0,665429,0.0
UMKM-00324,nan,48,"Rp 32,806,587",44,3.0,0.0,296476,3.0
UMKM-00325,fnb,101,"Rp 7,592,910",16,3.6,2.0,414534,0.0
UMKM-00326,nan,59,40115544,39,,0.0,-50000,
UMKM-00327,F&B,45,"Rp 23,160,074",20,4.1,0.0,902633,1.0
UMKM-00328,jasa,47,"Rp 22,794,866",1,2.7,15.0,475910,2.0
UMKM-00329,F&B,30,42464131,36,2.8,0.0,926198,0.0
UMKM-00330,Fashion,109,"Rp 45,810,380",5,3.5,2.0,72995,0.0
UMKM-00331,retail ,20,34812949,43,3.7,2.0,928752,2.0
UMKM-00332,Jasa,23,"Rp 31,315,282",17,3.0,2.0,-50000,0.0
UMKM-00333,nan,15,"Rp 33,945,953",29,3.6,0.0,713779,2.0
UMKM-00334,Jasa,5,"Rp 44,300,173",21,1.1,0.0,491168,0.0
UMKM-00335,nan,34,"Rp 7,428,540",32,2.7,0.0,739197,1.0
UMKM-00336, F & B ,5,"Rp 35,259,907",29,2.1,5.0,120799,0.0
UMKM-00337,fnb,30,"Rp 30,105,135",16,1.5,15.0,754237,1.0
UMKM-00338,Fashion,107,33039284,42,1.4,2.0,549471,1.0
UMKM-00339,jasa,53,16560243,31,3.4,0.0,882119,0.0
UMKM-00340,nan,33,"Rp 45,731,930",41,3.1,0.0,805027,0.0
UMKM-00341,Jasa,98,"Rp 34,203,868",13,2.0,0.0,87276,0.0
UMKM-00342,Fashion,93,"Rp 27,417,902",9,2.9,0.0,-50000,0.0
UMKM-00343,Retail,48,"Rp 5,338,843",35,3.0,0.0,247127,0.0
UMKM-00344,Retail,92,"Rp 34,978,658",33,1.8,0.0,366759,1.0
UMKM-00345,F&B,49,"Rp 13,056,199",8,3.6,0.0,539858,0.0
UMKM-00346,jasa,105,"Rp 5,117,923",41,,0.0,553256,0.0
UMKM-00347, F & B ,18,"Rp 40,858,177",27,4.2,0.0,60514,0.0
UMKM-00348,Jasa,112,"Rp 31,060,464",10,,0.0,97456,0.0
UMKM-00349,fnb,16,"Rp 35,253,388",13,3.0,0.0,57233,0.0
UMKM-00350,fnb,63,32349379,38,1.2,0.0,313246,
UMKM-00351,Jasa,50,"Rp 46,844,569",18,2.2,2.0,116133,3.0
UMKM-00352,retail ,27,30446493,14,1.4,0.0,883147,0.0
UMKM-00353, F & B ,116,40833034,27,4.9,0.0,528409,0.0
UMKM-00354,Fashion,30,40697758,23,1.5,0.0,946977,2.0
UMKM-00355,nan,105,"Rp 1,175,211",7,1.6,0.0,678373,0.0
UMKM-00356,retail ,14,"Rp 42,074,249",42,4.6,0.0,683389,0.0
UMKM-00357,nan,77,13481574,8,4.8,0.0,449472,0.0
UMKM-00358,nan,93,"Rp 41,967,052",32,4.1,2.0,158684,0.0
UMKM-00359,retail ,110,"Rp 26,431,622",32,,0.0,376944,
UMKM-00360,F&B,101,"Rp 21,668,329",18,1.0,0.0,572116,1.0
UMKM-00361,Retail,75,29186921,2,2.5,30.0,669225,0.0
UMKM-00362,nan,56,"Rp 43,098,723",9,1.6,0.0,615836,0.0
UMKM-00363,retail ,117,"Rp 12,392,083",39,1.1,0.0,259272,2.0
UMKM-00364,retail ,103,39285173,41,2.9,30.0,485583,2.0
UMKM-00365,RETAIL,101,40159558,0,4.8,15.0,965277,1.0
UMKM-00366,F&B,92,"Rp 14,952,821",28,2.3,0.0,688103,1.0
UMKM-00367,jasa,67,"Rp 15,394,752",33,,0.0,270994,0.0
UMKM-00368,RETAIL,20,"Rp 47,704,300",12,3.6,0.0,177602,2.0
UMKM-00369,RETAIL,60,"Rp 36,009,897",0,2.0,0.0,700558,2.0
UMKM-00370,Jasa,111,"Rp 13,581,422",33,3.6,2.0,962752,0.0
UMKM-00371,Retail,67,"Rp 12,098,252",28,,0.0,993709,1.0
UMKM-00372,retail ,67,34766262,12,1.5,0.0,862002,0.0
UMKM-00373,Retail,34,"Rp 29,728,437",28,3.8,,-50000,0.0
UMKM-00374, F & B ,11,"Rp 40,541,461",38,1.5,,595470,0.0
UMKM-00375,Jasa,-5,"Rp 41,071,048",23,5.0,0.0,351517,0.0
UMKM-00376,jasa,83,"Rp 39,310,408",25,1.7,2.0,355163,0.0
UMKM-00377,Retail,55,"Rp 26,687,822",16,,0.0,243691,0.0
UMKM-00378,fnb,37,7897673,6,2.6,30.0,-50000,0.0
UMKM-00379,nan,98,"Rp 13,448,727",12,,0.0,488748,0.0
UMKM-00380, F & B ,36,21523385,4,1.1,0.0,282362,0.0
UMKM-00381,F&B,19,"Rp 7,002,296",25,3.5,0.0,247008,0.0
UMKM-00382,jasa,33,41364615,2,4.2,0.0,331383,1.0
UMKM-00383, F & B ,29,19552983,6,4.4,0.0,191488,0.0
UMKM-00384,nan,-3,"Rp 42,538,255",38,2.9,5.0,708772,0.0
UMKM-00385,Jasa,108,42927728,0,4.1,2.0,-50000,3.0
UMKM-00386,nan,95,"Rp 11,718,361",16,,0.0,598694,1.0
UMKM-00387,RETAIL,102,"Rp 25,245,082",42,3.9,0.0,314019,3.0
UMKM-00388,nan,38,23271555,24,3.0,0.0,562447,0.0
UMKM-00389,RETAIL,45,40432241,2,3.5,30.0,545288,0.0
UMKM-00390,Jasa,88,"Rp 44,440,658",14,4.2,,448968,1.0
UMKM-00391,Fashion,96,"Rp 32,886,947",28,2.6,,529969,0.0
UMKM-00392,RETAIL,92,"Rp 9,002,619",42,4.2,30.0,259097,0.0
UMKM-00393,F&B,6,"Rp 49,532,681",31,3.4,0.0,444569,0.0
UMKM-00394,nan,13,"Rp 8,667,857",25,1.7,0.0,732346,2.0
UMKM-00395,nan,95,"Rp 5,428,690",15,1.1,2.0,851123,0.0
UMKM-00396,F&B,38,"Rp 39,993,865",24,,,250919,5.0
UMKM-00397,fnb,53,"Rp 9,889,782",27,3.2,0.0,884507,3.0
UMKM-00398,retail ,117,37436209,8,4.4,0.0,60794,0.0
UMKM-00399,Fashion,43,"Rp 4,696,176",0,,15.0,249542,1.0
UMKM-00400,jasa,55,"Rp 11,732,002",28,4.2,0.0,721766,1.0
UMKM-00401,RETAIL,11,"Rp 43,454,123",21,4.5,0.0,388074,2.0
UMKM-00402,F&B,68,"Rp 15,697,697",15,1.6,2.0,821257,0.0
UMKM-00403,Jasa,51,"Rp 18,789,600",40,,0.0,994376,2.0
UMKM-00404,RETAIL,49,"Rp 18,644,180",43,5.0,0.0,91708,0.0
UMKM-00405,retail ,107,"Rp 9,437,712",40,3.9,5.0,-50000,12.0
UMKM-00406,Jasa,41,"Rp 29,222,101",6,4.1,2.0,943061,0.0
UMKM-00407, F & B ,6,"Rp 35,418,095",13,5.0,,988304,0.0
UMKM-00408,nan,56,"Rp 6,783,182",28,3.4,0.0,224469,2.0
UMKM-00409, F & B ,74,"Rp 14,147,590",18,2.2,0.0,697601,2.0
UMKM-00410,RETAIL,82,"Rp 30,565,896",18,4.4,5.0,857784,0.0
UMKM-00411,retail ,77,"Rp 2,206,861",1,3.5,2.0,938407,0.0
UMKM-00412,Fashion,2,"Rp 31,131,276",40,3.3,0.0,405992,0.0
UMKM-00413,RETAIL,89,"Rp 4,119,612",44,2.0,5.0,810956,
UMKM-00414,F&B,15,5936600,14,,0.0,458654,2.0
UMKM-00415,Retail,75,"Rp 15,648,065",2,,0.0,881431,2.0
UMKM-00416,RETAIL,81,39290751,10,,0.0,592770,0.0
UMKM-00417,nan,95,"Rp 15,160,134",29,,0.0,213543,0.0
UMKM-00418,nan,112,"Rp 33,833,108",39,1.5,0.0,883711,1.0
UMKM-00419,RETAIL,74,18034897,17,2.8,2.0,421557,2.0
UMKM-00420,Jasa,64,23406697,1,1.2,5.0,-50000,0.0
UMKM-00421,Retail,66,"Rp 28,164,021",31,,,104213,3.0
UMKM-00422,F&B,19,"Rp 36,609,212",7,4.6,0.0,950341,0.0
UMKM-00423,RETAIL,76,"Rp 25,768,424",21,4.3,0.0,849458,0.0
UMKM-00424,Jasa,83,22200624,5,1.5,0.0,288697,0.0
UMKM-00425,nan,6,"Rp 1,842,186",11,1.5,0.0,397328,0.0
UMKM-00426,nan,9,"Rp 30,553,638",39,4.3,2.0,55435,0.0
UMKM-00427,retail ,53,"Rp 15,578,363",35,4.7,5.0,189565,0.0
UMKM-00428,RETAIL,20,"Rp 27,659,117",14,2.8,5.0,253299,0.0
UMKM-00429,Retail,99,"Rp 45,494,354",27,3.0,0.0,895753,2.0
UMKM-00430,fnb,103,41670787,44,,0.0,970267,0.0
UMKM-00431,Retail,20,"Rp 25,003,801",17,4.6,0.0,332533,0.0
UMKM-00432,nan,41,"Rp 40,093,349",1,3.6,0.0,81498,0.0
UMKM-00433,nan,26,"Rp 2,124,905",12,2.2,2.0,900187,0.0
UMKM-00434, F & B ,4,37660390,44,2.2,,937977,2.0
UMKM-00435,nan,10,"Rp 31,055,020",14,4.6,0.0,610113,0.0
UMKM-00436,F&B,65,6559277,19,1.1,5.0,329078,2.0
UMKM-00437,jasa,11,"Rp 33,355,047",28,2.3,2.0,579862,1.0
UMKM-00438,RETAIL,17,"Rp 21,035,300",41,3.2,0.0,704986,0.0
UMKM-00439,Retail,20,"Rp 16,315,296",28,1.6,2.0,743539,0.0
UMKM-00440,jasa,79,9593059,2,1.4,0.0,969091,0.0
UMKM-00441,Jasa,80,19757506,18,4.3,0.0,92782,0.0
UMKM-00442,fnb,116,"Rp 46,367,368",2,4.6,2.0,497628,1.0
UMKM-00443,F&B,1,47692999,13,4.3,30.0,110561,0.0
UMKM-00444,Retail,8,33560480,39,4.6,0.0,520440,0.0
UMKM-00445,jasa,73,"Rp 34,957,754",3,,0.0,971913,0.0
UMKM-00446,fnb,111,"Rp 49,302,504",10,4.2,30.0,963591,0.0
UMKM-00447, F & B ,1,34418214,30,2.5,15.0,514535,0.0
UMKM-00448,F&B,3,"Rp 30,737,667",42,3.7,5.0,542232,0.0
UMKM-00449,F&B,109,22088012,31,,0.0,601039,0.0
UMKM-00450, F & B ,42,"Rp 15,752,304",26,1.9,,350318,0.0
UMKM-00451,RETAIL,66,"Rp 17,055,099",29,2.6,0.0,959110,1.0
UMKM-00452, F & B ,108,"Rp 22,958,273",42,2.9,2.0,106572,3.0
UMKM-00453,F&B,53,"Rp 15,952,964",1,,0.0,897848,0.0
UMKM-00454,F&B,81,"Rp 32,918,507",8,1.3,2.0,455257,0.0
UMKM-00455,jasa,87,"Rp 38,632,148",27,4.3,0.0,466443,
UMKM-00456,nan,76,24718663,30,4.9,0.0,871633,0.0
UMKM-00457,fnb,89,"Rp 22,814,501",33,2.6,0.0,86069,0.0
UMKM-00458, F & B ,88,"Rp 45,033,585",14,,0.0,787550,0.0
UMKM-00459,fnb,110,"Rp 36,463,234",24,1.3,2.0,862802,1.0
UMKM-00460, F & B ,33,"Rp 8,334,901",35,4.6,30.0,-50000,0.0
UMKM-00461,Jasa,93,"Rp 17,035,897",7,2.9,,961774,
UMKM-00462,F&B,12,21946178,8,,0.0,832533,1.0
UMKM-00463,nan,53,"Rp 13,132,693",36,2.9,5.0,979090,2.0
UMKM-00464,jasa,100,"Rp 24,467,137",44,2.3,2.0,755591,1.0
UMKM-00465,nan,97,"Rp 42,937,622",38,3.0,0.0,437902,0.0
UMKM-00466,nan,11,"Rp 15,931,115",31,4.4,0.0,972826,0.0
UMKM-00467,nan,8,"Rp 25,005,377",16,3.4,2.0,901726,3.0
UMKM-00468,fnb,25,"Rp 16,329,893",34,3.8,,653756,
UMKM-00469, F & B ,18,47851280,36,2.5,2.0,734659,0.0
UMKM-00470,Fashion,93,48697698,18,4.0,0.0,140715,12.0
UMKM-00471,Jasa,102,39020566,43,3.7,2.0,120793,0.0
UMKM-00472,Retail,54,"Rp 24,384,179",28,1.5,0.0,489717,0.0
UMKM-00473,nan,39,11093205,6,,5.0,762494,0.0
UMKM-00474,RETAIL,92,"Rp 46,708,729",27,2.0,5.0,685960,0.0
UMKM-00475,fnb,-3,"Rp 20,328,547",8,4.2,0.0,452993,0.0
UMKM-00476,jasa,31,"Rp 37,682,180",27,,30.0,192321,0.0
UMKM-00477,Retail,37,"Rp 15,722,892",5,5.0,0.0,695190,0.0
UMKM-00478,Fashion,34,43778076,28,1.4,,71390,0.0
UMKM-00479,RETAIL,84,"Rp 11,758,430",16,,0.0,70369,0.0
UMKM-00480,Fashion,49,"Rp 21,778,286",15,3.7,0.0,193953,
UMKM-00481,Retail,81,"Rp 20,661,007",22,,0.0,321731,0.0
UMKM-00482,nan,102,"Rp 14,863,529",30,2.2,0.0,274872,0.0
UMKM-00483,RETAIL,33,"Rp 13,569,021",2,,0.0,517543,0.0
UMKM-00484,Fashion,9,"Rp 4,496,605",20,4.2,2.0,943441,0.0
UMKM-00485,jasa,114,"Rp 40,970,870",25,1.9,2.0,531127,2.0
UMKM-00486, F & B ,107,"Rp 27,471,311",35,1.9,5.0,531363,0.0
UMKM-00487,F&B,-2,"Rp 6,311,499",41,3.2,0.0,812922,2.0
UMKM-00488, F & B ,87,17413328,36,3.1,2.0,975337,0.0
UMKM-00489,Retail,80,"Rp 18,085,839",21,2.1,0.0,560790,0.0
UMKM-00490,fnb,19,38201803,41,,5.0,97013,0.0
UMKM-00491,F&B,7,"Rp 27,356,226",11,,0.0,691629,0.0
UMKM-00492,Jasa,76,"Rp 23,775,439",41,4.1,,964217,0.0
UMKM-00493,jasa,27,33325149,12,,5.0,768980,0.0
UMKM-00494,Jasa,10,"Rp 2,147,116",10,4.3,2.0,196826,0.0
UMKM-00495,RETAIL,103,"Rp 45,899,606",15,,0.0,681872,0.0
UMKM-00496,F&B,36,"Rp 38,327,195",7,2.9,0.0,128113,
UMKM-00497,Jasa,102,"Rp 24,255,666",39,1.3,0.0,539847,0.0
UMKM-00498,Jasa,60,"Rp 19,903,669",39,1.2,30.0,923216,0.0
UMKM-00499,Fashion,49,35825732,44,2.2,,85282,0.0
UMKM-00500, F & B ,93,"Rp 13,048,339",1,4.7,0.0,217809,0.0
UMKM-00501,Fashion,36,23015847,29,3.1,2.0,561188,0.0
UMKM-00502,F&B,28,"Rp 13,776,695",29,2.1,5.0,540643,3.0
UMKM-00503,F&B,24,38396843,11,2.6,2.0,-50000,
UMKM-00504,Retail,117,"Rp 40,864,640",9,3.4,0.0,906534,0.0
UMKM-00505,Fashion,113,"Rp 23,904,980",43,3.6,0.0,445412,0.0
UMKM-00506,retail ,7,31267797,10,1.6,0.0,897959,0.0
UMKM-00507, F & B ,7,"Rp 48,242,193",14,,15.0,442515,1.0
UMKM-00508,F&B,12,"Rp 29,570,055",15,3.2,0.0,967374,0.0
UMKM-00509,Retail,26,"Rp 23,636,262",16,1.5,0.0,146651,0.0
UMKM-00510,Fashion,90,"Rp 23,811,423",25,,,296549,0.0
UMKM-00511, F & B ,93,"Rp 12,654,304",1,1.3,2.0,135395,1.0
UMKM-00512,Fashion,117,"Rp 30,370,827",11,4.6,30.0,585633,0.0
UMKM-00513,Jasa,33,4341861,25,5.0,0.0,960976,0.0
UMKM-00514,Retail,40,14116915,22,3.8,0.0,870509,1.0
UMKM-00515, F & B ,110,"Rp 25,136,417",17,4.1,,442573,0.0
UMKM-00516,nan,23,"Rp 3,615,804",31,2.3,0.0,771760,3.0
UMKM-00517,RETAIL,56,"Rp 22,089,933",37,,0.0,586343,0.0
UMKM-00518,RETAIL,107,"Rp 36,536,675",2,3.1,0.0,415837,2.0
UMKM-00519, F & B ,87,"Rp 27,857,952",37,3.9,0.0,135283,1.0
UMKM-00520,Fashion,56,"Rp 37,968,086",2,4.7,0.0,94484,0.0
UMKM-00521,Retail,111,"Rp 4,270,209",29,4.9,30.0,651802,1.0
UMKM-00522,RETAIL,102,"Rp 26,381,224",0,4.3,,140135,0.0
UMKM-00523,Retail,51,"Rp 41,878,420",29,2.2,,347915,12.0
UMKM-00524,RETAIL,10,"Rp 12,045,633",44,4.9,0.0,555694,0.0
UMKM-00525,Jasa,50,"Rp 21,101,880",31,3.5,0.0,238726,1.0
UMKM-00526,Fashion,102,"Rp 30,752,264",27,4.7,0.0,489756,0.0
UMKM-00527,Jasa,105,42765312,20,3.7,30.0,264223,
UMKM-00528,RETAIL,115,38148490,12,2.2,0.0,946716,0.0
UMKM-00529,nan,4,"Rp 28,301,043",26,2.5,2.0,167399,
UMKM-00530,nan,24,"Rp 42,672,086",35,3.2,5.0,941317,5.0
UMKM-00531,Jasa,19,"Rp 21,989,593",6,4.2,0.0,565609,0.0
UMKM-00532,nan,97,"Rp 30,396,163",21,2.3,0.0,996881,2.0
UMKM-00533,RETAIL,78,1233782,9,3.3,,230645,
UMKM-00534, F & B ,-1,"Rp 24,683,333",38,2.4,,748093,0.0
UMKM-00535,Jasa,59,"Rp 22,586,325",14,4.3,0.0,179344,0.0
UMKM-00536,fnb,88,"Rp 34,427,797",14,2.9,0.0,192832,0.0
UMKM-00537,Fashion,43,"Rp 18,503,547",3,1.3,,687514,0.0
UMKM-00538,nan,-3,"Rp 33,963,684",31,1.7,0.0,673538,0.0
UMKM-00539,nan,39,2794291,22,1.2,0.0,337906,0.0
UMKM-00540,F&B,8,"Rp 24,130,601",5,3.0,0.0,-50000,0.0
UMKM-00541,retail ,114,"Rp 5,952,075",23,,2.0,739692,0.0
UMKM-00542,Jasa,24,"Rp 38,453,038",19,1.5,0.0,221172,0.0
UMKM-00543,jasa,108,"Rp 29,148,272",36,4.8,0.0,186016,3.0
UMKM-00544,nan,62,31027817,19,4.5,0.0,98825,1.0
UMKM-00545,Fashion,12,37432549,11,2.8,2.0,63877,0.0
UMKM-00546,fnb,56,"Rp 22,258,833",32,4.9,,-50000,1.0
UMKM-00547,nan,31,"Rp 13,670,380",27,1.0,15.0,179065,1.0
UMKM-00548,fnb,19,25151842,7,3.5,15.0,682731,
UMKM-00549,RETAIL,42,11431645,0,3.5,2.0,411756,0.0
UMKM-00550,RETAIL,59,"Rp 13,774,615",36,2.8,0.0,167674,0.0
UMKM-00551,retail ,47,6287913,21,2.6,0.0,165074,5.0
UMKM-00552, F & B ,104,"Rp 38,287,581",5,2.8,,567257,12.0
UMKM-00553,jasa,73,"Rp 12,476,429",20,2.7,0.0,446474,1.0
UMKM-00554,F&B,67,"Rp 39,871,173",31,3.9,0.0,301881,2.0
UMKM-00555,retail ,9,3804802,34,1.5,5.0,81629,0.0
UMKM-00556,Retail,43,38711695,14,1.8,0.0,204030,0.0
UMKM-00557,F&B,115,"Rp 39,042,630",4,1.7,0.0,482681,0.0
UMKM-00558,Jasa,82,"Rp 34,518,515",5,2.0,,852207,0.0
UMKM-00559,Fashion,62,"Rp 27,779,149",24,3.1,30.0,519791,2.0
UMKM-00560,Retail,6,13001352,39,1.4,0.0,537849,0.0
UMKM-00561,Retail,53,"Rp 44,069,838",28,4.5,,739567,0.0
UMKM-00562,retail ,116,"Rp 32,219,362",6,2.2,2.0,465769,12.0
UMKM-00563, F & B ,31,"Rp 8,084,609",39,,5.0,312199,0.0
UMKM-00564,retail ,55,"Rp 33,002,177",12,3.7,0.0,823372,
UMKM-00565,Jasa,95,"Rp 21,892,578",37,1.2,0.0,138697,
UMKM-00566,nan,37,"Rp 11,091,985",17,3.5,2.0,738233,0.0
UMKM-00567,nan,118,19029773,1,3.8,30.0,151505,0.0
UMKM-00568, F & B ,64,"Rp 30,464,339",7,1.9,2.0,392864,0.0
UMKM-00569,Jasa,33,46275089,10,1.2,0.0,771565,0.0
UMKM-00570, F & B ,50,"Rp 2,490,687",32,,0.0,914631,0.0
UMKM-00571,fnb,57,"Rp 47,625,033",37,1.4,15.0,206390,0.0
UMKM-00572,nan,40,43866200,26,,0.0,83734,
UMKM-00573,Retail,82,"Rp 33,318,232",19,2.0,2.0,263299,0.0
UMKM-00574,jasa,5,46545724,11,2.2,0.0,723882,1.0
UMKM-00575,Fashion,56,"Rp 12,336,501",42,3.1,0.0,192728,0.0
UMKM-00576,Jasa,71,"Rp 6,272,864",30,3.7,2.0,721253,0.0
UMKM-00577,F&B,92,4788963,26,3.4,2.0,554609,5.0
UMKM-00578, F & B ,19,"Rp 12,540,237",31,1.6,0.0,852925,0.0
UMKM-00579,Fashion,65,"Rp 33,799,055",9,1.7,0.0,446848,0.0
UMKM-00580,F&B,46,6185773,2,4.5,15.0,670160,1.0
UMKM-00581,Fashion,-2,13728700,44,3.2,0.0,-50000,1.0
UMKM-00582,jasa,53,"Rp 22,609,907",26,4.5,2.0,743812,1.0
UMKM-00583,F&B,66,"Rp 12,021,186",34,2.5,,718626,0.0
UMKM-00584,retail ,14,"Rp 35,523,048",30,3.5,0.0,433331,0.0
UMKM-00585,RETAIL,87,25691736,14,,,166603,
UMKM-00586,retail ,57,44193996,15,2.3,0.0,898039,5.0
UMKM-00587,nan,48,"Rp 36,044,468",12,2.9,2.0,591228,0.0
UMKM-00588,RETAIL,111,25362375,34,3.0,0.0,729363,2.0
UMKM-00589,retail ,109,41733588,10,,,702168,0.0
UMKM-00590,RETAIL,103,44752417,20,2.3,0.0,672696,0.0
UMKM-00591,RETAIL,104,"Rp 27,231,747",10,4.2,0.0,871247,0.0
UMKM-00592,Retail,68,"Rp 44,663,896",29,4.7,,736229,0.0
UMKM-00593, F & B ,101,"Rp 43,907,203",34,2.4,2.0,99297,0.0
UMKM-00594, F & B ,92,"Rp 8,904,428",21,2.2,2.0,110107,0.0
UMKM-00595,Retail,51,"Rp 12,401,147",37,,0.0,394937,0.0
UMKM-00596,Fashion,84,"Rp 48,668,235",30,3.7,5.0,459898,2.0
UMKM-00597,fnb,35,46624927,13,2.3,0.0,593910,1.0
UMKM-00598,Fashion,107,"Rp 3,322,523",23,5.0,0.0,342552,1.0
UMKM-00599,F&B,116,"Rp 27,379,085",31,2.3,2.0,714197,5.0
UMKM-00600,F&B,-3,"Rp 5,746,771",35,2.6,0.0,196479,0.0
UMKM-00601,RETAIL,114,"Rp 9,640,145",31,3.4,,210381,0.0
UMKM-00602,retail ,0,"Rp 34,065,406",14,4.2,,143190,2.0
UMKM-00603,retail ,-1,1864645,42,2.9,5.0,462111,0.0
UMKM-00604, F & B ,-1,"Rp 2,428,127",34,,15.0,826644,0.0
UMKM-00605,Jasa,48,"Rp 9,859,690",2,5.0,2.0,267984,0.0
UMKM-00606,Fashion,41,"Rp 44,864,317",15,1.0,0.0,574658,3.0
UMKM-00607,nan,81,"Rp 38,809,281",4,4.6,5.0,426356,0.0
UMKM-00608,jasa,43,"Rp 42,129,019",20,1.6,0.0,836918,3.0
UMKM-00609,retail ,3,24292566,9,4.1,0.0,860194,0.0
UMKM-00610,jasa,93,"Rp 49,962,002",18,3.5,15.0,600901,1.0
UMKM-00611,RETAIL,14,9336900,24,2.4,2.0,818164,2.0
UMKM-00612,jasa,116,"Rp 19,392,993",3,4.5,30.0,53196,1.0
UMKM-00613,nan,107,"Rp 29,670,729",28,1.1,0.0,551072,0.0
UMKM-00614,Retail,55,"Rp 38,067,096",18,,2.0,-50000,0.0
UMKM-00615,nan,117,"Rp 49,484,993",42,3.3,0.0,276009,2.0
UMKM-00616,jasa,100,"Rp 1,973,181",1,,2.0,936997,0.0
UMKM-00617,nan,29,46059850,9,3.4,5.0,912781,0.0
UMKM-00618,fnb,44,"Rp 19,268,849",42,1.1,2.0,901271,0.0
UMKM-00619,RETAIL,76,47839036,24,1.5,0.0,485132,5.0
UMKM-00620,Fashion,56,"Rp 44,476,894",19,1.5,0.0,582860,0.0
UMKM-00621,Retail,11,33363575,18,1.8,0.0,556528,1.0
UMKM-00622,retail ,82,3061774,22,2.8,2.0,471441,0.0
UMKM-00623,F&B,-3,"Rp 37,344,790",23,4.0,,620141,0.0
UMKM-00624,Fashion,26,21637778,10,,0.0,737635,1.0
UMKM-00625,F&B,93,"Rp 7,976,610",33,4.3,5.0,908811,0.0
UMKM-00626,RETAIL,96,"Rp 7,210,715",27,1.8,30.0,968609,0.0
UMKM-00627,Retail,7,28488445,4,2.8,2.0,166074,2.0
UMKM-00628, F & B ,114,"Rp 32,335,282",4,1.8,2.0,503112,2.0
UMKM-00629,retail ,119,26303302,20,2.1,15.0,617497,0.0
UMKM-00630,fnb,105,21020303,11,3.0,0.0,540391,3.0
UMKM-00631, F & B ,83,"Rp 18,686,927",3,1.3,0.0,461267,1.0
UMKM-00632,RETAIL,67,38266016,41,1.9,0.0,668532,3.0
UMKM-00633,Fashion,62,"Rp 41,467,715",19,,,806355,0.0
UMKM-00634,fnb,8,36174147,37,2.9,,303516,0.0
UMKM-00635,nan,95,44570727,24,2.8,5.0,782760,5.0
UMKM-00636,jasa,92,"Rp 7,314,768",13,,0.0,674588,3.0
UMKM-00637,fnb,5,"Rp 26,101,670",10,,0.0,772321,0.0
UMKM-00638,RETAIL,99,9815995,31,4.5,0.0,-50000,0.0
UMKM-00639,Jasa,50,"Rp 41,280,883",10,1.7,0.0,426826,0.0
UMKM-00640,jasa,61,9064220,17,,2.0,107175,0.0
UMKM-00641,F&B,117,"Rp 19,321,829",26,,,974353,0.0
UMKM-00642,retail ,86,"Rp 19,074,854",17,2.9,,151551,0.0
UMKM-00643,F&B,23,"Rp 24,912,113",22,,2.0,-50000,3.0
UMKM-00644,fnb,3,"Rp 25,525,886",10,4.3,0.0,442761,0.0
UMKM-00645,F&B,61,"Rp 47,573,028",20,,0.0,936226,1.0
UMKM-00646,RETAIL,19,"Rp 31,590,972",43,4.2,0.0,821272,0.0
UMKM-00647,nan,92,"Rp 46,038,050",4,,5.0,560491,0.0
UMKM-00648,Fashion,70,"Rp 37,010,502",22,4.3,15.0,631154,0.0
UMKM-00649,retail ,36,43432666,40,3.2,0.0,167752,0.0
UMKM-00650,F&B,3,"Rp 34,843,291",24,2.5,0.0,883510,2.0
UMKM-00651,F&B,73,"Rp 22,526,982",40,,0.0,-50000,3.0
UMKM-00652,fnb,34,"Rp 16,805,013",9,1.0,0.0,343257,0.0
UMKM-00653,Fashion,19,"Rp 46,944,452",21,1.6,0.0,820880,0.0
UMKM-00654, F & B ,-1,"Rp 48,378,941",18,4.0,0.0,589689,0.0
UMKM-00655,F&B,5,43537345,0,2.0,0.0,980388,3.0
UMKM-00656,RETAIL,53,38811773,6,3.4,30.0,265432,2.0
UMKM-00657,Jasa,92,"Rp 16,321,333",3,2.5,2.0,480779,0.0
UMKM-00658,retail ,82,"Rp 40,031,525",0,4.4,0.0,215486,1.0
UMKM-00659,F&B,118,"Rp 43,147,406",14,4.8,0.0,721502,2.0
UMKM-00660,RETAIL,73,"Rp 18,279,636",39,4.5,0.0,820488,0.0
UMKM-00661,RETAIL,32,"Rp 45,194,441",11,2.1,0.0,383636,0.0
UMKM-00662,retail ,66,"Rp 40,083,478",21,1.8,0.0,260536,5.0
UMKM-00663, F & B ,117,10426807,21,2.9,2.0,780617,1.0
UMKM-00664,RETAIL,-1,18438118,16,1.0,2.0,126693,0.0
UMKM-00665,Jasa,42,"Rp 42,116,548",28,1.1,5.0,85135,0.0
UMKM-00666,RETAIL,84,"Rp 48,246,348",13,3.2,0.0,-50000,0.0
UMKM-00667,RETAIL,12,27535897,19,3.1,15.0,864294,0.0
UMKM-00668,RETAIL,64,"Rp 30,319,409",32,5.0,0.0,186262,1.0
UMKM-00669,nan,31,"Rp 19,463,212",42,1.8,0.0,644487,0.0
UMKM-00670,nan,54,"Rp 31,596,308",14,2.0,2.0,941798,1.0
UMKM-00671, F & B ,42,"Rp 49,774,836",11,1.5,2.0,54331,3.0
UMKM-00672,F&B,71,"Rp 21,023,633",39,,,567400,0.0
UMKM-00673,RETAIL,22,10091044,19,4.1,5.0,233258,0.0
UMKM-00674,Fashion,63,"Rp 28,709,612",29,4.3,,881080,0.0
UMKM-00675,F&B,71,"Rp 49,890,527",37,4.6,,340693,1.0
UMKM-00676, F & B ,75,15942371,2,,2.0,262854,0.0
UMKM-00677,Retail,108,"Rp 2,551,330",27,2.8,2.0,600049,1.0
UMKM-00678,F&B,34,"Rp 1,971,248",25,2.3,2.0,839694,3.0
UMKM-00679,F&B,39,"Rp 5,657,851",29,3.4,,554840,0.0
UMKM-00680,jasa,90,"Rp 24,472,522",12,2.8,5.0,909004,5.0
UMKM-00681,fnb,56,6378750,12,2.8,0.0,830080,
UMKM-00682,jasa,87,"Rp 3,607,411",1,4.7,5.0,234544,0.0
UMKM-00683,Jasa,109,"Rp 2,693,439",36,4.9,0.0,400002,0.0
UMKM-00684,nan,52,"Rp 19,608,310",37,4.2,0.0,134667,
UMKM-00685,nan,61,37991604,1,4.0,0.0,54677,
UMKM-00686,fnb,50,"Rp 17,604,953",35,,2.0,254580,0.0
UMKM-00687,retail ,34,"Rp 10,447,933",25,1.7,30.0,180334,0.0
UMKM-00688,retail ,92,41474307,10,1.2,0.0,524081,0.0
UMKM-00689, F & B ,34,23700577,7,3.8,0.0,545784,
UMKM-00690,fnb,85,"Rp 40,096,943",43,,0.0,413581,0.0
UMKM-00691,F&B,71,"Rp 13,807,931",39,1.2,2.0,461811,0.0
UMKM-00692,retail ,103,"Rp 48,612,497",42,4.7,0.0,530675,2.0
UMKM-00693,RETAIL,27,"Rp 32,216,359",21,1.4,0.0,634436,0.0
UMKM-00694,Fashion,0,"Rp 4,815,144",19,2.1,0.0,883358,1.0
UMKM-00695,F&B,82,"Rp 21,213,468",7,3.7,0.0,649559,0.0
UMKM-00696,Jasa,13,17541107,28,1.7,0.0,608745,3.0
UMKM-00697,RETAIL,74,"Rp 1,817,052",39,1.2,5.0,616819,0.0
UMKM-00698,RETAIL,34,28151781,25,2.3,0.0,254335,1.0
UMKM-00699,fnb,86,"Rp 8,596,585",29,4.1,2.0,516516,1.0
UMKM-00700, F & B ,91,17177172,16,2.7,0.0,702315,0.0
UMKM-00701,Jasa,53,14302313,19,,0.0,244243,0.0
UMKM-00702,retail ,53,"Rp 7,269,324",15,3.3,0.0,562445,0.0
UMKM-00703,fnb,42,35982512,42,1.1,5.0,307231,0.0
UMKM-00704,retail ,35,"Rp 10,490,536",6,5.0,,-50000,2.0
UMKM-00705,fnb,7,37075711,15,1.2,,620059,2.0
UMKM-00706,fnb,101,"Rp 25,281,104",44,4.9,2.0,667423,0.0
UMKM-00707,fnb,39,"Rp 11,488,951",26,3.2,0.0,640642,1.0
UMKM-00708, F & B ,83,13485000,22,4.9,15.0,-50000,1.0
UMKM-00709,fnb,47,23897064,23,1.5,2.0,818741,2.0
UMKM-00710,Retail,36,"Rp 3,726,016",8,3.0,0.0,608180,0.0
UMKM-00711,Fashion,94,"Rp 1,442,939",34,1.7,15.0,252268,0.0
UMKM-00712,retail ,57,"Rp 21,060,188",19,1.2,0.0,966094,0.0
UMKM-00713,F&B,21,"Rp 37,266,225",36,3.5,0.0,145057,0.0
UMKM-00714,jasa,32,"Rp 31,822,201",41,1.8,0.0,88409,0.0
UMKM-00715,Jasa,54,14135871,16,3.4,0.0,296889,0.0
UMKM-00716,nan,1,"Rp 48,833,019",30,1.4,2.0,477686,0.0
UMKM-00717, F & B ,-1,"Rp 36,873,556",7,2.3,0.0,199457,1.0
UMKM-00718,F&B,101,"Rp 48,575,798",14,4.1,0.0,466512,0.0
UMKM-00719,RETAIL,39,"Rp 14,331,233",30,,0.0,954998,0.0
UMKM-00720,Retail,52,"Rp 49,743,175",29,3.5,2.0,373860,0.0
UMKM-00721,nan,115,"Rp 20,296,186",19,3.6,5.0,925584,0.0
UMKM-00722,jasa,109,"Rp 36,281,840",38,4.4,0.0,76382,0.0
UMKM-00723,F&B,25,"Rp 20,578,958",11,,0.0,126675,0.0
UMKM-00724,nan,17,"Rp 18,832,891",16,3.7,0.0,596707,0.0
UMKM-00725,F&B,36,12952983,41,4.8,,131238,0.0
UMKM-00726,Retail,4,33038060,29,3.9,0.0,275825,0.0
UMKM-00727,jasa,26,"Rp 41,991,186",28,,0.0,744651,0.0
UMKM-00728,RETAIL,101,"Rp 14,137,311",18,3.5,0.0,324541,3.0
UMKM-00729,fnb,47,17751531,10,4.0,5.0,-50000,0.0
UMKM-00730,retail ,24,25795222,33,3.4,2.0,85169,0.0
UMKM-00731,RETAIL,33,36874916,6,1.1,0.0,636470,0.0
UMKM-00732,fnb,25,5105223,43,,0.0,928908,0.0
UMKM-00733, F & B ,76,"Rp 45,766,028",33,4.2,0.0,878681,0.0
UMKM-00734,Fashion,94,"Rp 30,084,871",19,2.1,15.0,209413,0.0
UMKM-00735,Jasa,-4,"Rp 29,634,616",37,,30.0,912035,1.0
UMKM-00736,Jasa,72,"Rp 12,963,776",23,2.5,2.0,227216,0.0
UMKM-00737,retail ,71,42164396,9,3.1,5.0,504988,0.0
UMKM-00738,jasa,87,23572466,31,,0.0,129360,2.0
UMKM-00739,Retail,6,"Rp 38,609,879",14,1.7,2.0,587732,12.0
UMKM-00740,jasa,33,"Rp 19,557,968",36,4.8,2.0,488863,0.0
UMKM-00741,Retail,60,"Rp 15,501,508",19,,0.0,173662,0.0
UMKM-00742,jasa,90,37847763,2,3.6,30.0,819776,0.0
UMKM-00743,Fashion,7,"Rp 14,457,684",36,2.8,0.0,148843,0.0
UMKM-00744, F & B ,40,"Rp 41,808,249",39,3.7,0.0,847406,0.0
UMKM-00745, F & B ,21,"Rp 38,889,950",7,,2.0,686438,0.0
UMKM-00746,fnb,107,"Rp 31,981,347",39,3.3,2.0,481599,1.0
UMKM-00747,nan,99,"Rp 26,568,906",43,,2.0,830908,0.0
UMKM-00748, F & B ,11,"Rp 9,589,747",22,3.5,0.0,669114,0.0
UMKM-00749, F & B ,98,39777230,39,4.1,15.0,524768,0.0
UMKM-00750,RETAIL,89,21681938,10,,2.0,934080,2.0
UMKM-00751,RETAIL,92,22992838,7,1.0,0.0,275121,0.0
UMKM-00752,fnb,54,"Rp 12,135,474",28,3.9,,970460,1.0
UMKM-00753,nan,58,"Rp 48,637,042",29,3.3,5.0,975581,0.0
UMKM-00754,retail ,82,"Rp 10,596,394",9,2.7,0.0,872922,0.0
UMKM-00755,RETAIL,103,26258425,38,1.5,5.0,815723,0.0
UMKM-00756,retail ,29,"Rp 20,952,900",27,2.6,0.0,699001,0.0
UMKM-00757,F&B,106,"Rp 12,772,676",35,2.4,0.0,105612,0.0
UMKM-00758,RETAIL,64,"Rp 18,406,301",12,2.2,0.0,674762,0.0
UMKM-00759,Fashion,77,"Rp 11,348,533",31,3.9,,348303,0.0
UMKM-00760,nan,24,"Rp 27,683,911",35,3.8,0.0,613998,1.0
UMKM-00761,fnb,65,"Rp 11,401,929",36,3.4,2.0,981310,0.0
UMKM-00762,F&B,68,23849061,25,4.8,0.0,687384,0.0
UMKM-00763,nan,99,"Rp 20,295,854",21,2.4,5.0,259417,0.0
UMKM-00764,Fashion,90,18380319,3,2.0,2.0,261463,1.0
UMKM-00765,nan,92,36544400,30,3.6,2.0,943844,
UMKM-00766,Fashion,57,6303943,17,,0.0,669212,0.0
UMKM-00767,Fashion,22,"Rp 16,453,951",37,2.3,5.0,318602,0.0
UMKM-00768,retail ,54,"Rp 40,051,623",23,1.9,,967425,0.0
UMKM-00769,jasa,73,"Rp 32,099,208",22,1.3,2.0,347668,5.0
UMKM-00770,F&B,88,30805505,21,4.3,0.0,712213,2.0
UMKM-00771,nan,31,"Rp 48,675,854",1,,,352621,0.0
UMKM-00772,Retail,87,"Rp 12,004,849",30,2.9,0.0,344366,0.0
UMKM-00773,F&B,16,"Rp 45,786,626",10,1.2,5.0,-50000,0.0
UMKM-00774,jasa,62,"Rp 24,250,723",27,3.8,30.0,-50000,0.0
UMKM-00775,F&B,14,25214909,31,2.3,0.0,626531,1.0
UMKM-00776, F & B ,90,"Rp 47,013,251",4,4.0,0.0,750975,0.0
UMKM-00777,Retail,94,"Rp 39,692,429",37,2.6,0.0,460568,0.0
UMKM-00778,jasa,108,30009512,9,1.8,2.0,647121,1.0
UMKM-00779,retail ,62,"Rp 15,084,264",39,3.1,2.0,-50000,2.0
UMKM-00780,nan,85,"Rp 29,782,808",23,1.5,0.0,164560,0.0
UMKM-00781,Jasa,58,"Rp 41,824,950",34,,0.0,970707,1.0
UMKM-00782,jasa,11,46961405,43,2.3,0.0,351411,0.0
UMKM-00783,fnb,6,23289150,22,4.6,0.0,612229,3.0
UMKM-00784,nan,16,42727753,16,1.2,0.0,919241,2.0
UMKM-00785,jasa,11,"Rp 8,899,284",0,,30.0,599656,0.0
UMKM-00786, F & B ,4,"Rp 2,003,171",30,,0.0,913618,1.0
UMKM-00787,Jasa,112,24992154,30,2.3,30.0,343128,3.0
UMKM-00788, F & B ,59,"Rp 49,190,951",41,2.7,2.0,485157,0.0
UMKM-00789,Jasa,16,"Rp 20,677,953",41,4.6,0.0,253990,0.0
UMKM-00790,fnb,84,35924917,33,2.0,5.0,495899,2.0
UMKM-00791,nan,114,"Rp 8,045,900",8,1.4,2.0,-50000,0.0
UMKM-00792,retail ,117,"Rp 19,458,292",21,,0.0,50801,0.0
UMKM-00793, F & B ,76,23089615,12,1.4,0.0,680826,3.0
UMKM-00794, F & B ,44,31600479,24,1.5,0.0,948633,1.0
UMKM-00795,Fashion,8,"Rp 1,981,883",17,3.3,0.0,884397,0.0
UMKM-00796,Jasa,58,"Rp 2,668,321",11,1.2,0.0,659557,0.0
UMKM-00797,RETAIL,41,"Rp 14,296,138",39,1.1,0.0,828053,0.0
UMKM-00798,nan,23,"Rp 44,561,742",16,3.9,0.0,977473,0.0
UMKM-00799,Jasa,70,7154512,14,2.4,0.0,348113,0.0
UMKM-00800,Fashion,30,27665895,41,1.5,0.0,525485,1.0
UMKM-00801,F&B,117,"Rp 21,536,721",14,2.0,0.0,-50000,0.0
UMKM-00802,Jasa,93,26192630,14,3.6,0.0,141679,0.0
UMKM-00803,retail ,46,6418952,38,2.1,,731065,0.0
UMKM-00804,nan,119,"Rp 5,264,423",12,3.0,0.0,765663,
UMKM-00805,Fashion,70,"Rp 44,816,762",16,,2.0,340507,0.0
UMKM-00806,F&B,1,"Rp 14,816,653",31,,0.0,211792,0.0
UMKM-00807,Retail,23,"Rp 9,181,883",8,2.3,,977476,0.0
UMKM-00808,Fashion,5,16309784,39,3.5,0.0,607639,0.0
UMKM-00809,Retail,27,"Rp 32,927,921",19,4.2,,685311,0.0
UMKM-00810,nan,0,24948053,25,3.4,2.0,741505,0.0
UMKM-00811, F & B ,105,"Rp 36,074,035",26,,0.0,662236,0.0
UMKM-00812,Fashion,73,"Rp 28,134,365",20,2.0,30.0,794974,0.0
UMKM-00813,fnb,26,"Rp 28,670,483",17,2.3,2.0,269188,0.0
UMKM-00814,Retail,45,"Rp 18,640,619",12,1.7,0.0,892667,0.0
UMKM-00815,retail ,69,"Rp 43,822,943",15,1.7,5.0,326999,0.0
UMKM-00816,fnb,52,23272887,8,4.2,,479385,0.0
UMKM-00817,jasa,81,"Rp 35,533,268",11,2.5,0.0,311677,0.0
UMKM-00818,jasa,20,"Rp 21,000,738",43,2.7,0.0,227476,0.0
UMKM-00819,F&B,92,15804511,37,3.4,5.0,200641,1.0
UMKM-00820, F & B ,40,"Rp 19,994,397",18,3.4,2.0,699362,0.0
UMKM-00821,nan,92,"Rp 9,568,438",6,1.3,30.0,834366,0.0
UMKM-00822,Fashion,23,19333734,34,4.3,2.0,628725,0.0
UMKM-00823,RETAIL,-2,"Rp 12,872,752",17,1.7,0.0,206810,
UMKM-00824,retail ,75,"Rp 37,213,515",15,3.9,,974276,3.0
UMKM-00825,Retail,93,"Rp 10,625,105",38,4.1,0.0,140410,0.0
UMKM-00826,nan,7,"Rp 48,548,564",3,3.9,0.0,69731,0.0
UMKM-00827,fnb,99,"Rp 22,654,924",24,3.3,2.0,715491,0.0
UMKM-00828,jasa,33,"Rp 10,935,869",31,1.1,2.0,902756,0.0
UMKM-00829,retail ,9,"Rp 32,845,012",39,2.4,0.0,235169,0.0
UMKM-00830,RETAIL,113,42434749,12,3.4,5.0,918152,1.0
UMKM-00831,Fashion,23,"Rp 42,835,879",44,2.5,0.0,932865,0.0
UMKM-00832,F&B,23,"Rp 47,979,309",16,4.5,0.0,315033,3.0
UMKM-00833,RETAIL,69,47482054,36,2.2,15.0,583857,0.0
UMKM-00834,retail ,110,"Rp 38,450,390",5,2.2,0.0,923625,2.0
UMKM-00835,RETAIL,26,"Rp 30,992,671",18,2.1,0.0,256749,2.0
UMKM-00836,retail ,-4,24853258,12,2.3,0.0,135192,0.0
UMKM-00837,retail ,41,"Rp 33,469,247",25,3.2,,829117,0.0
UMKM-00838,Jasa,72,"Rp 14,689,493",13,,0.0,137154,0.0
UMKM-00839,Retail,78,"Rp 2,265,898",30,3.7,0.0,258542,0.0
UMKM-00840,jasa,16,16918424,3,4.2,2.0,158073,0.0
UMKM-00841,Jasa,69,36674971,38,4.5,0.0,269894,0.0
UMKM-00842,Fashion,21,"Rp 40,501,580",7,,0.0,569235,0.0
UMKM-00843,Jasa,61,"Rp 37,785,617",24,1.1,2.0,844044,12.0
UMKM-00844, F & B ,75,29899868,12,3.9,0.0,-50000,0.0
UMKM-00845, F & B ,102,"Rp 32,052,238",31,,,606357,
UMKM-00846,jasa,50,23700314,37,1.5,0.0,918173,0.0
UMKM-00847,RETAIL,86,"Rp 45,609,118",37,3.6,0.0,470547,2.0
UMKM-00848,Retail,87,"Rp 18,262,030",27,2.3,0.0,892329,0.0
UMKM-00849,jasa,15,"Rp 26,137,138",29,1.2,0.0,195006,0.0
UMKM-00850,retail ,41,44169174,2,1.6,2.0,-50000,3.0
UMKM-00851,fnb,74,"Rp 31,779,669",27,1.0,0.0,534710,0.0
UMKM-00852,Retail,95,48189674,2,4.6,0.0,-50000,1.0
UMKM-00853,Retail,53,"Rp 36,154,340",44,1.1,5.0,592994,0.0
UMKM-00854,retail ,78,"Rp 39,864,224",33,1.8,2.0,224588,0.0
UMKM-00855,retail ,0,36908279,15,2.7,0.0,677890,0.0
UMKM-00856,F&B,13,12018754,21,2.4,0.0,540224,1.0
UMKM-00857,jasa,51,"Rp 3,892,478",31,,0.0,-50000,0.0
UMKM-00858,retail ,63,"Rp 11,831,890",37,1.2,0.0,490126,1.0
UMKM-00859, F & B ,-3,"Rp 48,005,718",7,3.0,0.0,531756,3.0
UMKM-00860,Fashion,117,6949852,7,3.7,2.0,174746,0.0
UMKM-00861,fnb,-5,"Rp 1,029,725",5,4.7,30.0,594719,0.0
UMKM-00862,jasa,52,"Rp 49,495,982",13,3.5,0.0,237805,1.0
UMKM-00863,nan,118,"Rp 10,184,536",31,4.2,0.0,614376,0.0
UMKM-00864, F & B ,32,"Rp 48,766,655",34,1.3,0.0,-50000,0.0
UMKM-00865,RETAIL,9,"Rp 17,413,806",9,2.5,0.0,481231,0.0
UMKM-00866,retail ,28,"Rp 20,748,999",2,2.5,0.0,805398,0.0
UMKM-00867,nan,55,"Rp 37,217,193",11,4.5,,605673,0.0
UMKM-00868,retail ,29,"Rp 48,963,321",30,1.6,2.0,382343,0.0
UMKM-00869,Retail,58,"Rp 41,078,991",28,1.6,,-50000,2.0
UMKM-00870, F & B ,107,32512427,4,2.3,30.0,168104,0.0
UMKM-00871,Retail,19,"Rp 34,121,540",24,1.2,0.0,62818,0.0
UMKM-00872,F&B,18,"Rp 28,705,858",40,1.7,2.0,531438,
UMKM-00873,Retail,6,"Rp 32,932,864",30,,0.0,375145,1.0
UMKM-00874,F&B,12,24313511,20,2.7,0.0,205049,2.0
UMKM-00875,F&B,9,28719138,19,3.5,,624120,0.0
UMKM-00876,nan,102,"Rp 47,683,359",38,,0.0,877363,2.0
UMKM-00877,retail ,74,21686655,21,2.5,30.0,658278,0.0
UMKM-00878,RETAIL,21,"Rp 14,726,569",3,1.6,0.0,-50000,0.0
UMKM-00879,Retail,66,6627745,12,1.8,30.0,122204,0.0
UMKM-00880, F & B ,54,4911146,44,2.3,,95784,0.0
UMKM-00881,F&B,40,36261449,41,3.5,2.0,942737,2.0
UMKM-00882,retail ,83,35243988,19,2.6,2.0,59921,0.0
UMKM-00883,fnb,11,"Rp 12,245,869",12,1.0,0.0,871391,1.0
UMKM-00884,jasa,87,29391654,16,3.1,15.0,868760,1.0
UMKM-00885,nan,47,"Rp 25,065,754",35,4.7,,976363,0.0
UMKM-00886,RETAIL,2,"Rp 3,253,722",32,4.2,5.0,305564,0.0
UMKM-00887,Jasa,73,"Rp 2,649,729",0,4.3,2.0,663794,0.0
UMKM-00888,nan,21,"Rp 2,116,271",14,,2.0,124408,0.0
UMKM-00889,fnb,40,"Rp 11,916,876",12,2.3,15.0,698140,0.0
UMKM-00890,jasa,44,"Rp 32,978,888",16,4.1,2.0,790126,
UMKM-00891,fnb,110,32574515,23,1.6,15.0,600996,0.0
UMKM-00892,Retail,65,"Rp 37,653,987",7,3.6,2.0,593135,0.0
UMKM-00893,F&B,-3,"Rp 23,461,013",26,3.6,0.0,630277,3.0
UMKM-00894,RETAIL,87,"Rp 19,458,857",44,1.1,0.0,961815,0.0
UMKM-00895,Fashion,58,"Rp 48,204,953",22,4.2,0.0,54922,1.0
UMKM-00896,F&B,38,"Rp 18,443,381",7,4.6,0.0,513144,0.0
UMKM-00897,Fashion,47,"Rp 20,565,579",7,2.1,0.0,102335,0.0
UMKM-00898,jasa,18,"Rp 49,785,616",25,4.2,2.0,963345,0.0
UMKM-00899,retail ,54,"Rp 48,380,429",12,,0.0,981045,0.0
UMKM-00900,Jasa,116,22253537,38,3.4,0.0,855983,0.0
UMKM-00901, F & B ,-3,"Rp 38,264,820",36,2.9,5.0,200453,1.0
UMKM-00902,F&B,14,37789624,27,,,949751,0.0
UMKM-00903,RETAIL,40,"Rp 28,933,715",24,4.7,5.0,367817,12.0
UMKM-00904,fnb,9,"Rp 27,906,511",15,,,937963,0.0
UMKM-00905,RETAIL,19,36489522,1,4.1,2.0,72948,0.0
UMKM-00906,jasa,88,38491702,17,2.1,0.0,666552,0.0
UMKM-00907,Fashion,72,7739013,16,,2.0,109072,5.0
UMKM-00908,fnb,65,"Rp 8,089,975",29,1.4,5.0,379704,0.0
UMKM-00909, F & B ,11,"Rp 9,805,586",38,4.4,0.0,787609,0.0
UMKM-00910, F & B ,102,"Rp 39,373,507",12,2.3,0.0,707846,3.0
UMKM-00911,F&B,78,"Rp 45,564,078",31,1.2,5.0,116691,0.0
UMKM-00912,jasa,94,"Rp 48,719,804",28,3.7,0.0,715442,3.0
UMKM-00913,retail ,3,"Rp 12,768,963",29,1.9,2.0,939213,0.0
UMKM-00914,jasa,32,"Rp 15,263,315",17,2.0,0.0,396249,1.0
UMKM-00915,Fashion,42,"Rp 49,085,527",12,2.2,2.0,57086,12.0
UMKM-00916,RETAIL,115,"Rp 4,868,452",42,1.3,2.0,439962,1.0
UMKM-00917, F & B ,54,30171429,20,1.7,0.0,642141,0.0
UMKM-00918,RETAIL,57,"Rp 28,366,868",29,1.0,0.0,-50000,0.0
UMKM-00919,RETAIL,80,"Rp 9,074,037",20,2.8,2.0,382171,5.0
UMKM-00920,RETAIL,112,35867175,16,1.3,15.0,328060,0.0
UMKM-00921, F & B ,111,"Rp 28,906,918",39,3.7,30.0,851680,0.0
UMKM-00922,nan,111,14822356,18,1.9,0.0,860658,1.0
UMKM-00923,Retail,-4,44870245,14,4.8,5.0,992529,0.0
UMKM-00924,Fashion,82,"Rp 46,677,485",8,4.5,0.0,813210,0.0
UMKM-00925,nan,66,41562875,9,2.2,0.0,622668,0.0
UMKM-00926,Fashion,5,"Rp 44,281,526",43,,0.0,844280,0.0
UMKM-00927,fnb,58,"Rp 44,420,892",30,4.2,2.0,588562,0.0
UMKM-00928,jasa,71,8303693,22,4.9,0.0,366689,1.0
UMKM-00929,jasa,75,"Rp 20,992,066",29,3.4,0.0,834403,0.0
UMKM-00930,Jasa,66,11108631,32,1.3,2.0,146494,2.0
UMKM-00931,jasa,15,"Rp 45,613,348",8,3.6,5.0,-50000,3.0
UMKM-00932, F & B ,12,"Rp 8,983,439",0,3.5,0.0,216305,1.0
UMKM-00933,retail ,88,29727993,43,3.6,0.0,66304,0.0
UMKM-00934,F&B,58,26464695,34,2.2,0.0,323438,1.0
UMKM-00935,Jasa,76,"Rp 42,822,973",10,4.4,0.0,338569,0.0
UMKM-00936,F&B,104,"Rp 10,546,263",33,4.8,2.0,774071,0.0
UMKM-00937,Fashion,105,20726497,15,1.9,0.0,160777,1.0
UMKM-00938,F&B,89,"Rp 25,133,277",8,,2.0,-50000,0.0
UMKM-00939,F&B,32,"Rp 35,849,361",31,1.8,30.0,665837,5.0
UMKM-00940,Jasa,26,"Rp 37,059,026",14,4.3,0.0,-50000,0.0
UMKM-00941,fnb,5,"Rp 19,020,510",11,3.7,,681036,1.0
UMKM-00942,RETAIL,39,"Rp 32,386,811",32,3.5,0.0,516962,0.0
UMKM-00943,jasa,83,"Rp 42,266,066",44,2.6,0.0,904727,5.0
UMKM-00944,jasa,27,"Rp 36,969,234",13,3.3,0.0,852523,0.0
UMKM-00945, F & B ,118,"Rp 34,997,463",7,2.2,0.0,956375,0.0
UMKM-00946,Jasa,96,27256492,7,2.9,0.0,304174,0.0
UMKM-00947, F & B ,35,"Rp 16,663,645",26,4.2,0.0,705362,0.0
UMKM-00948,retail ,2,"Rp 20,567,589",11,4.9,5.0,-50000,0.0
UMKM-00949,retail ,5,"Rp 29,849,268",0,4.7,,624699,0.0
UMKM-00950, F & B ,80,"Rp 32,632,286",42,4.7,2.0,484174,0.0
UMKM-00951,Jasa,45,"Rp 8,061,183",39,2.6,0.0,308901,0.0
UMKM-00952, F & B ,82,"Rp 21,064,274",41,2.9,2.0,145696,0.0
UMKM-00953,jasa,35,"Rp 12,592,111",10,3.8,2.0,726067,2.0
UMKM-00954,nan,11,"Rp 30,324,003",38,4.7,15.0,720608,1.0
UMKM-00955,Retail,70,1290998,42,1.6,15.0,645597,1.0
UMKM-00956,F&B,115,"Rp 5,855,920",30,2.2,30.0,783682,1.0
UMKM-00957,Retail,40,"Rp 7,367,712",16,1.6,0.0,720397,0.0
UMKM-00958,Jasa,26,45991633,32,3.4,2.0,117421,0.0
UMKM-00959,Retail,73,"Rp 8,997,043",31,2.2,0.0,286436,0.0
UMKM-00960,retail ,74,"Rp 1,181,360",28,2.3,,525083,2.0
UMKM-00961,Fashion,48,"Rp 20,221,242",20,1.3,0.0,352756,
UMKM-00962,F&B,80,20292635,20,2.4,0.0,531247,0.0
UMKM-00963,RETAIL,86,6532410,39,4.4,0.0,587738,0.0
UMKM-00964,Jasa,14,"Rp 5,138,286",22,1.9,5.0,59491,0.0
UMKM-00965,F&B,27,49268283,5,3.8,0.0,167026,0.0
UMKM-00966,Retail,68,"Rp 12,031,669",21,3.5,0.0,124804,0.0
UMKM-00967,retail ,34,"Rp 9,333,100",37,,,561662,0.0
UMKM-00968,fnb,26,7893728,36,1.5,,929725,12.0
UMKM-00969,nan,108,"Rp 49,006,403",44,,0.0,693786,0.0
UMKM-00970,RETAIL,118,"Rp 19,904,815",7,3.3,0.0,812803,5.0
UMKM-00971,nan,91,"Rp 28,391,022",40,5.0,15.0,974295,2.0
UMKM-00972,F&B,-4,"Rp 39,488,026",34,4.6,,941907,2.0
UMKM-00973,retail ,91,"Rp 16,697,605",10,1.9,2.0,-50000,1.0
UMKM-00974,retail ,27,"Rp 29,997,166",23,1.2,2.0,888315,1.0
UMKM-00975,Retail,99,"Rp 38,937,226",20,2.0,0.0,537335,1.0
UMKM-00976,jasa,71,"Rp 25,100,710",1,3.1,15.0,399230,1.0
UMKM-00977,Retail,24,"Rp 41,253,576",39,1.7,2.0,770989,0.0
UMKM-00978,jasa,27,"Rp 42,422,223",18,1.7,2.0,413435,
UMKM-00979,jasa,71,"Rp 14,099,507",38,,0.0,292223,1.0
UMKM-00980,RETAIL,110,"Rp 13,285,500",27,1.1,,584255,2.0
UMKM-00981,Retail,20,47801033,16,1.5,2.0,262826,3.0
UMKM-00982,fnb,16,"Rp 28,428,913",5,2.7,0.0,-50000,0.0
UMKM-00983, F & B ,97,39844162,18,1.3,2.0,-50000,0.0
UMKM-00984, F & B ,60,"Rp 46,405,132",37,2.6,2.0,972451,0.0
UMKM-00985,Retail,32,"Rp 37,793,968",27,2.9,2.0,744779,0.0
UMKM-00986,Retail,97,"Rp 34,007,453",1,2.8,5.0,368275,2.0
UMKM-00987,nan,84,"Rp 16,341,821",37,,2.0,531930,0.0
UMKM-00988,RETAIL,40,"Rp 36,880,565",36,3.1,,78876,0.0
UMKM-00989,Retail,116,"Rp 32,979,500",3,2.9,0.0,793804,0.0
UMKM-00990,nan,108,"Rp 44,682,501",21,2.6,0.0,937880,0.0
UMKM-00991,jasa,9,"Rp 11,538,832",25,4.3,0.0,725331,1.0
UMKM-00992,retail ,92,"Rp 34,251,322",42,4.6,2.0,279192,2.0
UMKM-00993,retail ,100,"Rp 8,948,140",35,4.4,2.0,361372,0.0
UMKM-00994,jasa,113,6720626,12,,30.0,304767,0.0
UMKM-00995,Jasa,38,"Rp 14,654,772",31,,5.0,910927,0.0
UMKM-00996,nan,43,"Rp 40,776,146",16,2.1,2.0,302313,0.0
UMKM-00997,nan,98,"Rp 40,929,257",40,,,78261,0.0
UMKM-00998,jasa,69,39560290,35,4.7,0.0,156601,
UMKM-00999,fnb,55,"Rp 34,422,637",18,3.6,15.0,111260,0.0
UMKM-01000,Fashion,61,30168537,34,4.0,0.0,548214,0.0
